,切韻,王韻,廣韻,切韻校
東,德紅,德紅,德紅,徳洪
同,徒紅,徒紅,徒紅,徒洪
中,陟隆,陟隆,陟弓,陟隆
蟲,直隆,直隆,直弓,直隆
終,職隆,職隆,職戎,職隆
忡,初中*,勑中,敕中,初中
崇,劔隆*,鋤隆,鋤弓,鋤隆
嵩,息隆,息隆,息弓,息隆
戎,而隆,如隆,如融,而隆
弓,居隆,居隆,居戎,居隆
融,餘隆,餘隆,以戎,余隆
雄,羽隆,羽隆,羽弓,羽隆
瞢,莫中,莫中,莫中,莫中
穹,去隆,去隆,去宮,去隆
窮,渠隆,渠隆,渠弓,渠隆
馮,扶隆,扶隆,房戎,扶隆
風,方隆,方隆,方戎,方隆
豐,敷隆,敷隆,敷隆,敷隆
充,處隆,處隆,昌終,處隆
隆,力中,力中,力中,力中
空,苦紅,苦紅,苦紅,苦洪
公,古紅,古紅,古紅,古洪
蒙,莫紅,莫紅,莫紅,莫洪
籠,盧紅,盧紅,盧紅,盧洪
洪,胡籠,胡籠,戶公,胡籠
叢,徂紅,徂紅,徂紅,徂洪
翁,烏紅,烏紅,烏紅,烏洪
忩,倉紅,倉紅,倉紅,倉洪
通,他紅,他紅,他紅,他洪
葼,子紅,子紅,子紅,子洪
蓬,薄紅,薄紅,薄紅,泊洪
烘,呼同,呼紅,呼東,呼同
棇,蘇公,蘇公,蘇公,蘇公
㟅,五公,／,五東,五公
,,,,
冬,都宗,都宗,都宗,都宗
彤,徒冬,徒冬,徒冬,徒冬
賨,在宗,在宗,藏宗,在宗
農,奴東,奴冬,奴冬,奴東
恭,駒東,駒冬,九容,拘東
蜙,先恭,先恭,息恭,先恭
樅,七恭,七容,七恭,七恭
攻,古冬,古冬,古冬,古冬
䃔,戶冬,戶冬,戶冬,戶冬
䃧,力宗,力宗,力冬,力宗
宗,作綜,作琮,作冬,作綜
鬆,私宗,七容,私宗,私宗
,,,,
鍾,職容,職容,職容,職容
龍,力鍾,力鍾,力鍾,力鍾
舂,書容,書容,書容,書容
松,祥容,詳容,祥容,詳容
衝,尺容,尺容,尺容,尺容
容,餘封,餘封,餘封,余封
封,府容,府容,府容,甫容
胷,許容,許容,許容,許容
顒,魚容,魚容,魚容,魚容
邕,於容,於容,於容,於容
醲,女容,女容,女容,女容
重,治容,直容,直容,治容
從,疾容,疾容,疾容,疾容
蹱,丑凶,丑凶,丑凶,丑胷
逢,符容,符容,符容,扶容
峯,敷容,敷容,敷容,敷容
縱,即容,即容,即容,即容
茸,而容,而容,而容,而容
蛩,渠容,渠容,渠容,渠容
鱅,蜀容,蜀容,蜀庸,蜀容
,,,,
江,古雙,古雙,古雙,古雙
庬,莫江,莫江,莫江,莫江
𦗳,女江,女江,女江,女江
窓,楚江,楚江,楚江,楚江
邦,愽江,博江,博江,博江
栙,机江*,下江,下江,下江
胮,疋江,栢江,匹江,疋江
瀧,呂江,呂江,呂江,呂江
雙,所江,所江,所江,所江
龐,薄江,蒲江,薄江,泊江
肛,許江,許江,許江,許江
腔,苦江,苦江,苦江,苦江
幢,宅江,宅江,宅江,宅江
憃,丑江,丑江,丑江,丑江
樁,都江,都江,都江,都江
,,,,
支,章移,章移,章移,章移
移,弋支,弋支,弋支,弋支
爲,薳支,薳支,薳支,蔿支
嬀,居爲,居爲,居爲,居爲
麾,許爲,許爲,許爲,許爲
逶,於爲,於爲,於爲,於爲
糜,靡爲,靡爲,靡爲,靡爲
隳,許規,許規,許規,許槻
鬌,直垂,直垂,直垂,直垂
垂,是爲,是爲,是爲,是爲
羸,力爲,力爲,力爲,力爲
吹,昌爲,昌爲,昌垂,昌爲
鈹,普羇,敷羈,敷羈,普羈
陂,彼爲,彼爲,彼爲,彼爲
隨,旬爲,旬爲,旬爲,旬爲
虧,去爲,去爲,去爲,去爲
𨶳,去隨,去隨,去隨,去隨
奇,渠羇,渠羈,渠羈,渠羈
祇,巨支,巨支,巨支,巨支
犠,許羈,許羇,許羈,許羈
㩻,去奇,去奇,去奇,去奇
宜,魚羇,魚羈,魚羈,魚羈
皮,符羈,符羇,符羈,扶羈
提,是支,是支,是支,是支
兒,汝移,如移,汝移,汝移
離,呂私*,呂移,呂支,呂移
疵,疾移,疾移,疾移,疾移
貲,即移,即移,即移,即移
羈,居宜,居宜,居宜,居宜
卑,府移,府移,府移,甫移
陴,……,符支,符支,……
絁,式支,式支,式支,識支
斯,息移,息移,息移,息移
差,……,楚宜,楚宜,……
摛,……,丑知,丑知,……
弥,……,武移,武移,……
雌,……,七移,此移,……
知,……,陟移,陟離,……
漪,於離,於離,於離,於離
馳,直知,直知,直離,直知
眭,……,息爲,息爲,……
危,魚爲,魚爲,魚爲,魚爲
訑,香支,香支,香支,香支
眵,…支,叱支,叱支,…支
釃,所宜,所宜,所宜,所宜
䪎,山垂,山垂,山垂,山垂
痿,人垂,人垂,人垂,仁垂
厜,姉規,姉規,娕規,姉槻
槻,居隨,居隨,居隋,居隨
劑,觜隨,觜隨,遵爲,觜隨
衰,楚危,楚危,楚危,楚危
腄,竹垂,竹垂,竹垂,竹垂
䮔,子垂,子垂,子垂,子垂
觿,／,与規,悅吹,／
,,,,
脂,旨夷,旨夷,旨夷,旨姨
姨,以脂,以脂,以脂,以脂
師,踈脂,踈脂,䟽夷,踈脂
毗,房脂,房脂,房脂,房脂
咨,即脂,即夷,即夷,即脂
飢,居脂,居脂,居夷,居脂
䲭,處脂,處脂,處脂,處脂
絺,丑脂,丑脂,丑飢,丑脂
郪,取私,取私,取私,取私
茨,疾脂,疾脂,疾資,疾脂
尼,女脂,女脂,女夷,女脂
墀,直尼,直尼,直尼,直尼
私,息脂,息脂,息夷,息脂
尸,式脂,式脂,式脂,識脂
鬐,渠脂,渠脂,渠脂,渠脂
伊,於脂,於脂,於脂,於脂
梨,力脂,力脂,力脂,力脂
葵,渠隹,渠隹,渠追,渠錐
追,陟隹,陟隹,陟隹,陟錐
龜,居追,居追,居追,居追
蕤,儒隹,儒隹,儒隹,儒錐
衰,所追,所追,所追,所追
惟,以隹,以隹,以追,以錐
㶟,力追,力追,力追,力追
綏,息遺,息遺,息遺,息遺
逵,渠追,渠追,渠追,渠追
眉,武悲,武悲,武悲,武悲
悲,府眉,府眉,府眉,甫眉
錐,職追,職維,職追,職追
誰,視隹,視隹,視隹,視錐
帷,洧悲,洧悲,洧悲,洧悲
邳,苻悲,苻悲,苻悲,扶悲
丕,敷悲,敷悲,敷悲,敷悲
倠,許維,許維,許維,許惟
鎚,直追,直追,直追,直追
推,尺隹,尺隹,尺隹,尺錐
胝,丁私,丁私,丁尼,丁私
紕,疋夷,匹夷,匹夷,疋姨
嶉,醉綏,醉唯,醉綏,醉綏
巋,丘追,丘追,丘追,丘追
狋,牛飢,生肌*,牛飢,牛飢
𣢂,／,虚伊,喜夷,／
,,,,
之,止而,止而,止而,止而
飴,与之,与之,與之,與之
時,市之,市之,市之,市之
疑,語基,語基,語其,語姬
思,息慈,息茲,息茲,息慈
輜,楚治,楚持,楚持,楚治
其,渠之,渠之,渠之,渠之
詩,所之,書之,書之,所之
而,如之,如之,如之,如之
欺,去其,去其,去其,去其
姬,居之,居之,居之,居之
詞,似茲,似茲,似茲,似茲
釐,理之,理之,里之,里之
甾,側持,側持,側持,稄治
僖,許其,許其,許其,許其
醫,於其,於其,於其,於其
癡,丑之,丑之,丑之,丑之
治,直之,直之,直之,直之
蚩,赤之,尺之,赤之,尺之
慈,疾之,疾之,疾之,疾之
茲,子之,子慈,子之,子之
茬,士之,士之,士之,士之
漦,俟淄,俟淄,俟甾,俟甾
,,,,
微,無非,無非,無非,無斐
輝,許歸,許歸,許歸,許歸
幃,王非,王非,雨非,王斐
霏,芳非,芳非,芳非,芳斐
斐,匪肥,匪肥,甫微,匪肥
肥,符非,符非,符非,扶斐
威,於非,於非,於非,於斐
祈,渠希,渠希,渠希,渠希
機,居希,居希,居依,居希
希,虚機,虚機,香衣,虚機
依,於機,於機,於希,於機
沂,魚機,魚機,魚衣,魚機
巍,語韋,語韋,語韋,語幃
蘬,丘韋,丘韋,丘韋,丘幃
歸,俱韋,俱韋,舉韋,拘幃
,,,,
魚,語居,語居,語居,語居
初,楚魚,楚魚,楚居,楚魚
書,傷魚,傷魚,傷魚,商魚
居,舉魚,舉魚,九魚,舉魚
渠,強魚,強魚,強魚,強魚
余,与魚,与魚,以諸,與魚
胥,息魚,息魚,相居,息魚
疽,七余,七余,七余,七余
鋤,助魚,助魚,士魚,助魚
攄,勑居,勑居,丑居,勑居
踈,色魚,色魚,所葅,色魚
虚,許魚,許魚,朽居,許魚
徐,似魚,似魚,似魚,似魚
於,𡘖魚*,央魚,央居,央魚
豬,陟魚,陟魚,陟魚,陟魚
臚,力魚,力魚,力居,力魚
諸,章魚,章魚,章魚,章魚
除,直魚,直魚,直魚,直魚
如,女魚,汝魚,人諸,女魚
且,子魚,子魚,子魚,子魚
墟,去魚,去魚,去魚,去魚
葅,側魚,側魚,側魚,稄魚
蜍,署魚,与魚,署魚,署魚
袽,女余,女余,女余,女余
,,,,
虞,語俱,語俱,遇俱,語拘
芻,測隅,測禺,測隅,測虞
無,武夫,武夫,武夫,武扶
于,明俱*,羽俱,羽俱,羽拘
訏,況于,況于,況于,況于
劬,其俱,其俱,其俱,其拘
儒,日朱,日朱,人朱,日朱
䰅,相俞,相俞,相俞,相逾
株,陟輸,陟輸,陟輸,陟輸
貙,勑俱,勑俱,敕俱,勑拘
銖,市朱,市朱,市朱,市朱
逾,羊朱,羊朱,羊朱,陽朱
區,氣俱,氣俱,豈俱,氣拘
朱,止俱,止俱,章俱,止拘
趨,七朱,七朱,七逾,七朱
慺,力朱,力朱,力朱,力朱
扶,附夫,附夫,防無,附扶
䅳,士于,士于,仕于,士于
敷,撫夫,撫扶,芳無,撫扶
諏,子于,子于,子于,子于
跗,甫于,甫于,甫無,甫于
䊸,憶俱,憶俱,憶俱,憶拘
輸,式朱,式朱,式朱,識朱
樞,昌朱,昌朱,昌朱,昌朱
廚,直誅,直朱,直誅,直株
拘,舉隅,舉隅,舉朱,舉虞
毹,山虞,山虞,山芻,山虞
,,,,
模,莫胡,莫胡,莫胡,莫胡
匍,薄胡,薄胡,薄胡,泊胡
胡,戶吳,戶吳,戶吳,戶吾
孤,古胡,古胡,古胡,古胡
徒,度都,度都,同都,鐸都
奴,乃胡,乃胡,乃都,乃胡
呼,荒烏,荒烏,荒烏,荒烏
吾,五胡,五胡,五乎,五胡
租,則吾,則胡,則吾,則吾
盧,落胡,落胡,落胡,落胡
蘇,思吾,思吾,素姑,思吾
徂,昨姑,昨姑,昨胡,昨孤
烏,哀都,哀都,哀都,哀都
逋,愽孤,博孤,博孤,博孤
枯,苦胡,苦胡,苦胡,苦胡
麁,倉胡,倉胡,倉胡,倉胡
㻌,他胡,他胡,他胡,他胡
都,丁胡,丁姑,當孤,丁胡
𥠵,普胡,普胡,普胡,普胡
,,,,
齊,徂嵆,徂嵇,徂奚,徂奚
黎,落嵆,落奚,朗奚,落奚
妻,七嵆,七嵇,七稽,七奚
低,當嵆,當嵇,都奚,當奚
啼,度嵆,度嵇,杜奚,鐸奚
豍,方…,方奚,邊兮,方…
奚,胡雞,胡鷄,胡雞,胡雞
雞,吉嵆,古嵆,古奚,吉奚
鷖,烏稽,烏鷄,烏奚,烏雞
倪,五嵆,五嵇,五稽,五奚
醯,呼雞,呼鷄,呼雞,呼雞
西,索嵆,素雞,先稽,索奚
梯,湯嵆,湯稽,土雞,湯奚
鼙,薄迷,薄迷,部迷,泊迷
臡,人兮,人兮,人兮,仁奚
批,普雞,普鷄,匹迷,普雞
齎,即嵆,即黎,祖稽,即奚
迷,莫奚,莫奚,莫兮,莫奚
泥,奴低,奴低,奴低,奴低
谿,苦嵆,苦嵆,苦奚,苦奚
圭,…擕,古攜,古攜,…擕
睽,苦圭,苦圭,苦圭,苦圭
擕,戶圭,戶圭,戶圭,戶圭
栘,成栖,成西,成臡,成西
睳,／,呼圭,呼攜,／
烓,／,烏攜,烏攜,／
,,,,
佳,古膎,古膎,古膎,古膎
膎,戶佳,戶佳,戶佳,戶佳
牌,薄佳,薄佳,薄佳,泊佳
媧,姑柴,姑柴,古蛙,孤柴
蛙,烏緺,烏緺,烏媧,烏媧
咼,苦哇,苦蛙,苦緺,苦娃
柴,士佳,士佳,士佳,士佳
釵,楚佳,楚佳,楚佳,楚佳
竵,火咼,火咼,火媧,火咼
䍲,妳佳,妳佳,妳佳,妳佳
崖,五佳,五佳,五佳,五佳
娃,於佳,於佳,於佳,於佳
崽,山佳,所柴,山佳,山佳
㗨,火佳,火佳,火佳,火佳
扠,廿佳*,丑佳,丑佳,丑佳
䁲,莫佳,莫佳,莫佳,莫佳
,,,,
皆,古諧,古諧,古諧,古諧
諧,戶皆,戶皆,戶皆,戶皆
排,步皆,步皆,步皆,捕皆
乖,古懷,古懷,古懷,古懷
懷,戶乖,古乖,戶乖,戶乖
匯,苦淮,苦淮,苦淮,苦懷
豺,士諧,士諧,士皆,士諧
差,楚皆,楚皆,楚皆,楚皆
虺,呼懷,呼懷,呼懷,呼懷
埋,……,莫皆,莫皆,……
齋,側皆,側皆,側皆,稄皆
崴,乙乖,乙乖,乙乖,乙乖
𪘨,卓皆,卓皆,卓皆,斲皆
揩,客皆,客皆,口皆,客皆
摨,諾皆,諾皆,諾皆,諾皆
俙,呼皆,呼皆,喜皆,呼皆
,,,,
灰,呼恢,呼恢,呼恢,呼恢
恢,苦回,苦回,苦回,苦回
隈,烏回,烏恢,烏恢,烏回
回,戶恢,戶恢,戶恢,戶恢
枚,莫杯,莫盃,莫杯,莫杯
瓌,公回,公迴,公回,公回
雷,路迴,路回,魯回,路回
穨,社回*,杜迴,杜回,杜回
崔,此回,此回,倉回,此回
磓,都迴,都回,都回,都回
摧,昨恢,昨回,昨回,昨恢
𤗯,素迴,素回,素回,𧦡回
裴,薄恢,薄恢,薄回,泊恢
杯,布回,布回,布回,布回
肧,芳杯,芳杯,芳杯,芳杯
鮠,五回,五回,五灰,五回
𨌴,他回,他回,他回,他回
𢅼,乃回,乃回,乃回,乃回
朘,／,子回,臧回,／
,,,,
咍,呼來,呼來,呼來,呼來
開,康來,苦哀,苦哀,康來
哀,烏開,烏開,烏開,烏開
臺,徒來,徒哀,徒哀,徒來
該,古哀,古哀,古哀,古哀
裁,昨來,昨來,昨哉,昨來
來,落哀,落哀,落哀,落哀
災,祖才,祖才,祖才,祖裁
猜,倉才,倉來,倉才,倉裁
胎,湯來,湯來,土來,湯來
孩,胡來,胡來,戶來,胡來
鰓,蘇才,蘇來,蘇來,蘇裁
皚,五來,五來,五來,五來
熊,年來,年來,奴來,年來
𤗏,／,扶來,扶來,／
𪒴,／,丁來,丁來,／
,,,,
真,職鄰,職鄰,職鄰,職鄰
春,昌脣,昌脣,昌脣,昌脣
脣,食倫,食倫,食倫,食淪
匀,羊倫,羊倫,羊倫,陽淪
淪,力屯,力屯,力迍,力屯
屯,陟倫,陟倫,陟綸,陟淪
純,常倫,常倫,常倫,常淪
犉,如均,如均,如匀,如均
因,於鄰,於鄰,於真,於鄰
珎,陟鄰,陟鄰,陟鄰,陟鄰
新,息…,思鄰,息鄰,息…
辰,慎鄰,植鄰,植鄰,慎鄰
仁,如鄰,如鄰,如鄰,如鄰
申,書鄰,書鄰,失人,書鄰
神,食鄰,食鄰,食鄰,食鄰
㺦,丑珎,丑珎,丑人,丑珎
鄰,力珍,力珎,力珍,力珎
𥎊,巨巾,巨巾,巨巾,巨巾
陳,直珍,直珎,直珍,直珎
津,將鄰,將鄰,將鄰,將鄰
瞋,昌鄰,昌鄰,昌真,昌鄰
秦,匠鄰,匠鄰,匠鄰,匠鄰
親,七鄰,七鄰,七人,七鄰
礥,下珎,下珎,下珍,下珎
夤,余真,余真,翼真,余真
銀,語巾,語巾,語巾,語巾
紉,女人,女人,女鄰,女仁
巾,居鄰,居鄰,居銀,居鄰
民,弥鄰,弥鄰,彌鄰,弥鄰
賔,必鄰,必鄰,必鄰,必鄰
荀,相倫,相倫,相倫,相淪
遵,將倫,將倫,將倫,將淪
逡,七旬,七旬,七倫,七旬
旬,食倫,詳遵,詳遵,食淪
頻,符鄰,符鄰,符真,扶鄰
繽,敷賓,敷賔,匹賔,敷賔
均,居春,居春,居匀,居春
鷷,昨荀,昨匀,昨荀,昨荀
椿,勑屯,勑屯,丑倫,勑屯
䣩,丈倫,文倫,直倫,丈淪
諄,之純,之純,章倫,之純
𪔱,於巾,於巾,於巾,於巾
贇,於倫,於倫,於倫,於淪
囷,去倫,去倫,去倫,去淪
斌,府鄰,……,府巾,甫鄰
珉,武巾,武巾,武巾,武巾
貧,／,符巾,符巾,／
筠,／,王麕,爲贇,／
麕,／,居筠,居筠,／
,,,,
臻,側詵,側詵,側詵,稄莘
莘,……,踈臻,所臻,……
榛,士臻,仕臻,士臻,士臻
,,,,
文,武分,武分,無分,武分
雲,戶分,王分,王分,戶分
熅,於云,於云,於云,於雲
汾,符分,符分,符分,扶分
分,府文,府文,府文,扶文
羣,渠云,渠云,渠云,渠雲
薫,許云,許云,許云,許雲
君,舉云,舉云,舉云,舉雲
芬,無云,撫云,撫文,無雲
,,,,
殷,於斤,於斤,於斤,於斤
勤,巨斤,其斤,巨斤,巨斤
斤,舉欣,舉忻,舉欣,舉欣
欣,許斤,許斤,許斤,許斤
䖐,語斤,語斤,語斤,語斤
,,,,
元,愚袁,愚袁,愚袁,虞袁
袁,韋元,韋元,雨元,幃元
飜,孚袁,孚袁,孚袁,敷袁
暄,況袁,況袁,況袁,況袁
煩,附袁,附袁,附袁,附袁
鴛,於袁,於袁,於袁,於袁
言,語軒,語軒,語軒,語軒
攑,丘言,丘言,丘言,丘言
軒,虚言,虚言,虚言,虚言
𣘖,居言,居言,居言,居言
蔫,謁言,謁言,謁言,謁言
蕃,甫煩,甫煩,甫煩,甫煩
𥯦,／,渠言,巨言,／
,,,,
魂,戶昆,戶昆,戶昆,戶昆
昆,古渾,古渾,古渾,古魂
溫,於渾,烏渾,烏渾,於魂
門,莫奔,莫奔,莫奔,莫奔
孫,思渾,思渾,思渾,思魂
尊,即昆,即昆,祖昆,即昆
存,徂尊,徂尊,徂尊,徂尊
敦,都昆,都昆,都昆,都昆
暾,他昆,他昆,他昆,他昆
屯,徒渾,徒渾,徒渾,徒魂
村,此尊,此尊,此尊,此尊
㑮,牛昆,牛昆,牛昆,牛昆
盆,蒲奔,蒲昆,蒲奔,匍奔
奔,愽昆,博昆,博昆,博昆
論,盧昆,盧昆,盧昆,盧昆
坤,苦昆,苦昆,苦昆,苦昆
昏,呼昆,呼昆,呼昆,呼昆
黁,／,……,奴昆,／
,,,,
痕,戶恩,戶恩,戶恩,戶恩
根,古痕,古痕,古痕,古痕
恩,烏痕,烏痕,烏痕,烏痕
吞,吐根,吐根,吐根,土根
垠,五根,五根,五根,五根
,,,,
寒,胡安,胡安,胡安,胡安
桓,胡官,胡官,胡官,胡官
剜,……,一丸,一丸,……
鑾,落官,落官,落官,落官
岏,五丸,五丸,五丸,五桓
櫕,在丸,在丸,在丸,在桓
寬,苦官,苦官,苦官,苦官
歡,呼官,呼丸,呼官,呼官
湍,他湍,他湍,他湍,他湍
酸,素官,素丸,素官,𧦡官
端,多官,多官,多官,多官
鑚,借官,借官,借官,唶官
官,古丸,古丸,古丸,古桓
團,度官,度官,度官,鐸官
單,都寒,都寒,都寒,都寒
安,烏寒,烏寒,烏寒,烏寒
干,古寒,古寒,古寒,古寒
壇,徒干,徒干,徒干,徒干
盤,薄官,薄官,薄官,匍官
看,苦寒,苦寒,苦寒,苦寒
瞞,武安,武安,母官,武安
飡,食干,倉干,七安,食干
蘭,落干,落干,落干,落干
殘,昨干,昨干,昨干,昨干
嘽,託何,他單,他干,託何
潘,普官,普官,普官,普官
難,乃干,乃干,那干,乃干
𦙱,蘇干,蘇干,蘇干,蘇干
頇,許安,許安,許干,許安
𤳖,北潘,北潘,北潘,北潘
,,,,
刪,所姦,所姦,所姦,所姦
關,古還,古還,古還,古還
彎,烏關,烏關,烏關,烏關
還,胡關,胡關,戶關,胡關
班,巾還*,布還,布還,布還
蠻,莫還,莫還,莫還,莫還
姦,古顏,古顏,古顏,古顏
顏,五姦,五姦,五姦,五姦
攀,普班,普班,普班,普班
奻,女還,女還,女還,女還
𤸷,五還,五還,五還,五還
斕,力蠻,／,／,力蠻
豩,／,呼關,／,／
,,,,
山,所間,所閒,所閒,所間
鰥,古頑,古頑,古頑,古頑
間,古閑,古閑,古閑,古閑
閑,胡山,胡山,戶閒,胡山
慳,苦間,苦閒,苦閑,苦間
虥,昨閑,昨閑,昨閑,昨閑
羴,許閑,許閒,許閒,許閑
訮,五閑,……,五閑,五閑
頑,吳鱞,吳鱞,五還,吾鱞
黰,烏閑,烏閑,烏閑,烏閑
斒,方閑,方閑,方閑,方閑
斕,力閑,力闌,力閑,力閑
嘫,女閑,奴閒,女閑,女閑
㺗,／,充山,充山,／
窀,／,除頑,墜頑,／
譠,／,几山,陟山,／
,,,,
先,蘇前,蘇前,蘇前,蘇前
前,昨先,昨先,昨先,昨先
千,倉先,倉先,蒼先,倉先
牋,則前,則前,則前,則前
天,他前,他前,他前,他前
堅,古賢,古賢,古賢,古賢
賢,胡千,胡千,胡田,胡千
煙,烏前,烏前,烏前,烏前
蓮,路賢,路賢,落賢,路賢
田,徒賢,徒賢,徒年,徒賢
年,奴賢,奴賢,奴顛,奴賢
顛,都賢,都賢,都年,都賢
牽,苦賢,苦賢,苦堅,苦賢
妍,五賢,五賢,五堅,五賢
眠,莫賢,莫賢,莫賢,莫賢
蹁,蒲田,蒲田,部田,匍田
淵,烏玄,烏玄,烏玄,烏玄
㳙,古玄,古玄,古玄,古玄
鋗,火玄,火玄,火玄,火玄
邊,布玄,布玄,布玄,布玄
玄,胡㳙,胡㳙,胡㳙,胡㳙
祅,／,呵憐,呼煙,／
,,,,
仙,胡然*,相然,相然,相然
錢,昨仙,昨仙,昨仙,昨仙
遷,七然,七然,七然,七然
煎,子仙,子仙,子仙,子仙
然,如延,如延,如延,如延
延,以然,以然,以然,以然
𩜾,諸延,諸延,諸延,諸延
甄,居延,居延,居延,居延
邅,張連,張連,張連,張連
潺,士連,士連,士連,士連
羶,式連,式連,式連,式連
脠,丑連,丑連,丑延,丑連
鋋,市連,市連,市連,市連
纏,直連,直連,直連,直連
嘕,許延,許延,許延,許延
連,力延,力延,力延,力延
篇,芳連,芳便,芳連,芳連
便,房連,房連,房連,房連
綿,武連,武連,武延,武連
全,聚緣,聚緣,聚緣,聚沿
宣,須緣,須緣,須緣,䰅沿
鐫,子泉,子泉,子泉,子全
翾,許緣,許緣,許緣,許沿
壖,而緣,而緣,而緣,而沿
穿,昌緣,昌緣,昌緣,昌沿
沿,与專,与專,與專,與專
旋,似宣,似宣,似宣,似宣
姢,於緣,於緣,於緣,於沿
舩,食川,繩川,食川,食穿
鞭,卑連,卑連,卑連,卑連
涎,叙連,敍連,夕連,敍連
詮,此緣,此緣,此緣,此沿
專,職緣,職緣,職緣,職沿
遄,市延,市緣,市緣,市延
貟,玉權*,王權,王權,王權
跧,㽵緣,居貟,莊緣,㽵沿
栓,山貟,山貟,山貟,山貟
鐉,丑專,丑專,丑緣,丑專
𠃵,渠焉,渠焉,渠焉,渠焉
愆,去𠃵,去𠃵,去乾,去𠃵
權,巨貟,巨貟,巨貟,巨貟
椽,直緣,直緣,直攣,直沿
攣,呂貟,呂緣,呂貟,呂貟
勬,居貟,……,居貟,居貟
弮,去貟,去貟,丘圎,去貟
焉,於𠃵,於𠃵,於乾,於𠃵
嬽,於權,於權,於權,於權
,,,,
蕭,蘇彫,蘇彫,蘇彫,蘇貂
祧,吐彫,吐彫,吐彫,土貂
貂,都聊,都聊,都聊,都聊
迢,徒聊,徒聊,徒聊,徒聊
驍,古堯,古堯,古堯,古堯
聊,落蕭,落蕭,落蕭,落蕭
堯,五聊,五聊,五聊,五聊
膮,許幺,許幺,許幺,許幺
幺,於堯,於堯,於堯,於堯
鄡,苦聊,苦聊,苦幺,苦聊
,,,,
宵,相焦,相焦,相邀,相焦
超,勑宵,勑宵,敕宵,勑宵
朝,知遥,知遥,陟遥,知遥
晁,直遥,直遥,直遥,直遥
嚻,許…,許喬,許嬌,許…
樵,昨焦,昨焦,昨焦,昨焦
驕,舉喬,舉喬,舉喬,舉喬
焦,即遥,即遥,即消,即遥
饒,如招,如招,如招,如昭
燒,式招,式招,式招,識昭
遥,餘招,余招,餘昭,余昭
韶,市招,市招,市昭,市昭
昭,心遥*,止摇,止摇,止遥
飈,甫遥,甫遥,甫遥,甫遥
鏕,甫喬,甫喬,甫嬌,甫喬
瓢,符霄,符遥,符霄,扶宵
蜱,無遥,無遥,彌遥,無遥
苗,武儦,武儦,武瀌,武鏕
腰,於宵,於宵,於霄,於宵
鴞,于驕,于驕,于嬌,于驕
喬,巨朝,奇驕,巨嬌,巨朝
鍫,七遥,七遥,七遥,七遥
妖,於喬,於喬,於喬,於喬
蹻,去嚻,去遙,去遙,去嚻
怊,尺招,尺招,尺招,尺昭
漂,撫昭,撫遥,撫招,撫昭
翹,渠遥,去遥,渠遥,渠遥
燎,力昭,力昭,力昭,力昭
趫,／,去遥,起嚻,／
,,,,
肴,胡芧,胡茅,胡茅,胡茅
交,古肴,古肴,古肴,古肴
巢,鋤肴,鋤肴,鉏交,鋤肴
鐃,女交,女交,女交,女交
梢,所交,所交,所交,所交
茅,莫交,莫交,莫交,莫交
虓,許交,許交,許交,許交
包,布交,布交,布交,布交
胞,疋交,匹交,匹交,疋交
敲,口交,口交,口交,口交
聱,五交,五交,五交,五交
𦗔,側交,側交,側交,稄交
嘲,張交,張交,陟交,張交
䜈,楚交,楚交,楚交,楚交
庖,薄交,薄交,薄交,泊交
䫜,於交,於交,於交,於交
,,,,
豪,胡刀,胡刀,胡刀,胡刀
高,古勞,古勞,古勞,古勞
勞,盧刀,盧刀,魯刀,盧刀
蒿,呼高,呼高,呼毛,呼高
毛,莫袍,莫袍,莫袍,莫袍
饕,吐蒿,吐高,土刀,土蒿
刀,都勞,都勞,都牢,都勞
騷,蘇遭,蘇刀,蘇遭,蘇糟
袍,薄裒,薄褒,薄襃,泊裒
襃,愽毛,博毛,博毛,博毛
陶,徒刀,徒刀,徒刀,徒刀
糟,作曹,作曺,作曹,作曹
敖,五勞,五勞,五勞,五勞
𤏶,於刀,於刄,於刀,於刀
曹,昨勞,昨勞,昨勞,昨勞
猱,奴刀,奴刀,奴刀,奴刀
尻,苦勞,苦勞,苦勞,苦勞
操,七刀,七刀,七刀,七刀
㯱,／,普勞,普袍,／
,,,,
歌,古娥,古俄,古俄,古莪
和,胡過,胡過,戶戈,胡過
過,古和,古和,古禾,古和
𩼊,落過,落過,落戈,落過
莎,蘇禾,蘇禾,蘇禾,蘇和
痤,昨和,昨和,昨禾,昨和
訛,五和,五和,五禾,五和
科,苦和,苦和,苦禾,苦和
倭,烏和,烏和,烏禾,烏和
蹉,七何,七河,七何,七何
多,得何,得河,得何,徳何
娑,素何,素何,素何,𧦡何
婆,薄波,薄何,薄波,泊波
摩,莫波,莫何,莫婆,莫波
駞,徒何,徒何,徒河,徒何
醝,作何,昨何,昨何,作何
莪,五哥,五歌,五何,五歌
他,託何,託何,託何,託何
羅,盧何,盧何,魯何,盧何
那,諾何,諾何,諾何,諾何
何,胡歌,韓柯,胡歌,胡歌
訶,虎何,虎何,虎何,虎何
波,愽河,博何,博禾,博何
頗,滂河,滂何,滂禾,滂何
珂,苦何,苦何,苦何,苦何
阿,烏何,烏何,烏何,烏何
𧦭,吐何,吐和,土禾,土何
捼,奴和,奴和,奴禾,奴和
牠,徒和,徒和,徒和,徒和
鞾,無反語,火戈,許𦚢,無反
𨹄,丁戈,丁戈,丁戈,丁過
伽,噱之平聲,求迦,求迦,噱之
呿,／,墟迦,丘伽,／
迦,／,居呿,居伽,／
㗻,／,于戈,戶戈,／
脞,／,倉和,醋伽,／
侳,／,子過,子𩨷,／
虵,／,夷柯,食遮,／
,,,,
麻,莫霞,莫霞,莫霞,莫遐
車,昌遮,昌遮,尺遮,昌遮
奢,式車,式車,式車,識車
邪,以遮,以遮,以遮,以遮
遮,止奢,止奢,正奢,止奢
嗟,子邪,子邪,子邪,子邪
虵,食遮,食遮,食遮,食遮
華,戶化,戶花,戶花,戶化
瓜,古華,古華,古華,古華
花,呼瓜,呼瓜,呼瓜,呼瓜
誇,苦瓜,苦瓜,苦瓜,苦瓜
拏,女加,女加,女加,女嘉
嘉,古牙,古牙,古牙,古牙
遐,胡加,胡加,胡加,胡嘉
葩,普巴,普巴,普巴,普巴
鵶,烏加,烏加,於加,烏嘉
巴,伯加,伯加,伯加,伯嘉
叉,初牙,初牙,初牙,初牙
砂,所加,所加,所加,所嘉
牙,五加,五加,五加,五嘉
樝,側加,側加,側加,稄嘉
𡨀,宅加,宅加,宅加,宅嘉
衺,似嗟,似嗟,似嗟,似嗟
闍,視奢,視奢,視遮,視奢
窊,烏瓜,烏瓜,烏瓜,烏瓜
髽,㽵華,莊花,莊華,㽵華
撾,陟瓜,陟瓜,陟瓜,陟瓜
爬,蒲巴,蒲巴,蒲巴,匍巴
楂,鋤加,鋤加,鉏加,鋤嘉
侘,勑加,勑加,敕加,勑嘉
奓,陟加,陟加,陟加,陟嘉
煆,許加,許加,許加,許嘉
䶗,容加*,客加,苦加,客嘉
㚗,／,才耶,才邪,／
婼,／,而遮,人賖,／
,,,,
覃,徒含,徒南,徒含,徒含
參,倉含,倉含,倉含,倉含
南,郍含,𨚗含,那含,那含
諳,烏含,烏含,烏含,烏含
含,胡男,胡南,胡男,胡南
婪,盧含,盧含,盧含,盧含
貪,他含,他含,他含,他含
簪,作含,作含,作含,作含
蠶,昨含,昨含,昨含,昨含
耽,丁含,丁含,丁含,丁含
龕,口含,口含,口含,口含
㟏,火含,火含,火含,火含
毿,蘇含,蘇含,蘇含,蘇含
弇,古南,古南,古南,古南
儑,／,五含,五含,／
,,,,
談,徒甘,徒甘,徒甘,徒甘
甘,古三,古三,古三,古三
擔,都甘,都甘,都甘,都甘
三,蘇甘,蘇甘,蘇甘,蘇甘
藍,盧甘,盧甘,魯甘,盧甘
坩,苦甘,苦甘,苦甘,苦甘
舑,他酣,他酣,他酣,他酣
慙,昨甘,昨甘,昨甘,昨甘
酣,胡甘,胡甘,胡甘,胡甘
姏,武酣,武酣,武酣,武酣
𩈻,作三,作三,作三,作三
蚶,大談*,火談,呼談,火談
笘,／,倉甘,丁愜,／
,,,,
陽,与章,与章,與章,與章
詳,似羊,似羊,似羊,似陽
良,呂張,呂張,呂張,呂張
香,許良,許良,許良,許良
商,書羊,書羊,式羊,書陽
房,符方,符方,符方,扶方
章,諸良,諸良,諸良,諸良
昌,處良,處良,尺良,處良
羌,去良,去良,去羊,去良
薑,居良,居良,居良,居良
長,直良,直良,直良,直良
張,陟良,陟良,陟良,陟良
穰,汝陽,汝陽,汝陽,汝陽
方,府良,府長,府良,甫良
襄,息良,息良,息良,息良
將,即良,即良,即良,即良
瘡,楚良,楚良,初良,楚良
亡,武方,武方,武方,武方
孃,女良,女良,女良,女良
牀,士㽵,士莊,士莊,士㽵
㽵,側羊,側羊,側羊,稄陽
常,時羊,時羊,市羊,時陽
霜,所良,所良,色莊,所良
牆,疾良,疾良,在良,疾良
鏘,七將,七將,七羊,七將
匡,去王,去王,去王,去王
王,兩方*,雨方,雨方,雨方
央,於良,於良,於良,於良
強,巨良,巨良,巨良,巨良
𦳝,褚羊,諸良,褚羊,楮陽
芳,敷方,敷方,敷方,敷方
狂,渠王,渠王,巨王,渠王
,,,,
唐,徒郎,徒郎,徒郎,徒郎
郎,魯當,魯當,魯當,魯當
當,都郎,都郎,都郎,都郎
倉,七崗,七崗,七岡,七剛
剛,古郎,古郎,古郎,古郎
桑,息郎,息郎,息郎,息郎
康,苦崗,苦岡,苦岡,苦剛
荒,呼光,呼光,呼光,呼光
黃,胡光,胡光,胡光,胡光
光,古皇,古皇,古黃,古黃
湯,吐郎,吐郎,吐郎,土郎
滂,普郎,普郎,普郎,普郎
汪,烏光,烏光,烏光,烏光
鴦,烏郎,烏郎,烏郎,烏郎
炕,呼郎,呼郎,呼郎,呼郎
航,胡郎,胡郎,胡郎,胡郎
茫,莫郎,莫郎,莫郎,莫郎
臧,則郎,則郎,則郎,則郎
囊,奴當,奴當,奴當,奴當
傍,步光,步光,步光,捕光
卬,五崗,五崗,五剛,五剛
藏,昨郎,昨郎,昨郎,昨郎
䯑,苦光,苦光,苦光,苦光
,,,,
庚,古行,古行,古行,古行
坑,客行,客庚,客庚,客行
盲,武庚,武庚,武庚,武庚
橫,胡盲,胡盲,戶盲,胡盲
閍,甫盲,甫盲,甫盲,甫盲
諻,虎橫,虎橫,虎橫,虎橫
觥,古橫,古橫,古橫,古橫
彭,薄庚,薄庚,薄庚,泊庚
脝,許庚,許庚,許庚,許庚
瞠,丑庚,丑庚,丑庚,丑庚
鎗,楚庚,楚庚,楚庚,楚庚
傖,助庚,助庚,助庚,助庚
霙,於驚,於京,於驚,於驚
磅,蕪庚,撫庚,撫庚,無庚
平,符兵,蒲兵,符兵,扶兵
驚,九𡖖,舉𡖖,舉卿,久𡖖
明,武兵,武兵,武兵,武兵
棖,直庚,直庚,直庚,直庚
趟,竹盲,竹盲,竹盲,竹盲
榮,……,永兵,永兵,……
兵,甫榮,補榮,甫明,甫榮
兄,許榮,許榮,許榮,許榮
𡖖,去亰,去京,去京,去驚
生,所亰,所京,所庚,所驚
擎,渠…,渠京,渠京,渠…
迎,語亰,語京,語京,語驚
行,戶庚,戶庚,戶庚,戶庚
鬤,乃庚,乃庚,乃庚,乃庚
,,,,
耕,古莖,古莖,古莖,古莖
鏗,口莖,口莖,口莖,口莖
甍,莫耕,莫耕,莫耕,莫耕
宏,戶氓,戶萌,戶萌,戶甍
莖,戶耕,戶耕,戶耕,戶耕
朾,中莖,中莖,中莖,中莖
甖,烏莖,烏莖,烏莖,烏莖
崢,士耕,仕耕,士耕,士耕
琤,楚莖,楚莖,楚耕,楚莖
儜,女耕,女耕,女耕,女耕
怦,普耕,普耕,普耕,普耕
轟,呼宏,呼宏,呼宏,呼宏
繃,甫萌,甫萌,北萌,甫甍
橙,直耕,直耕,宅耕,直耕
泓,烏宏,烏宏,烏宏,烏宏
輣,扶萌,扶萌,薄萌,扶甍
娙,五莖,五莖,五莖,五莖
爭,側莖,側莖,側莖,稄莖
,,,,
清,七精,七精,七情,七精
情,疾盈,疾盈,疾盈,疾盈
精,子情,子情,子盈,子情
盈,以成,以成,以成,以成
營,余傾,余傾,余傾,余傾
嬰,於盈,於盈,於盈,於盈
貞,陟盈,陟盈,陟盈,陟盈
檉,……,勑貞,丑貞,……
成,……,市征,是征,……
呈,……,直貞,直貞,……
聲,……,書盈,書盈,……
征,……,諸盈,諸盈,……
輕,……,去盈,去盈,……
名,……,武并,武并,……
跉,……,呂貞,呂貞,……
并,……,補盈,府盈,……
傾,苦榮,去營,去營,苦榮
餳,……,徐盈,徐盈,……
縈,……,於營,於營,……
瓊,……,渠營,渠營,……
騂,……,息營,息營,……
頸,巨成,巨成,巨成,巨成
,,,,
青,倉經,倉經,倉經,倉經
經,古靈,古靈,古靈,古靈
形,戶經,戶經,戶經,戶經
庭,特丁,特丁,特丁,特丁
丁,當經,當經,當經,當經
馨,呼刑,呼形,呼刑,呼形
星,桒經,桑經,桑經,桑經
竮,普丁,普丁,普丁,普丁
靈,郎丁,郎丁,郎丁,郎丁
寧,奴丁,奴丁,奴丁,奴丁
汀,…丁,他丁,他丁,…丁
鯖,於刑,於形,於刑,於形
冥,莫經,莫經,莫經,莫經
瓶,薄經,薄經,薄經,泊經
熒,胡丁,胡丁,戶扃,胡丁
扃,古螢,古螢,古螢,古熒
,,,,
尤,雨求,羽求,羽求,羽裘
憂,於求,於求,於求,於裘
劉,力求,力求,力求,力裘
秋,七遊,七遊,七由,七猷
猷,以周,以周,以周,以周
牛,語求,語求,語求,語裘
遒,即由,即由,即由,即猷
酋,字秋,字秋,自秋,字秋
脩,息流,息流,息流,息劉
抽,勑鳩,勑鳩,丑鳩,勑鳩
犫,赤周,赤周,赤周,尺周
周,職鳩,職鳩,職流,職鳩
讎,市流,市流,市流,市劉
柔,耳由,耳由,耳由,耳猷
收,式周,式州,式州,識周
丘,去求,去求,去鳩,去裘
䬌,疋尤,匹尤,匹尤,疋尤
鳩,居由,居求,居求,居猷
不,甫鳩,甫鳩,甫鳩,甫鳩
𢯱󠄁,所鳩,所鳩,所鳩,所鳩
搊,楚尤,楚尤,楚鳩,楚尤
鄒,側鳩,側鳩,側鳩,稄鳩
愁,士求,士求,士尤,士裘
休,許尤,許尤,許尤,許尤
惆,去愁,去愁,去秋,去愁
囚,似由,似由,似由,似猷
儔,直由,直由,直由,直猷
輈,……,張流,張流,……
裘,巨鳩,巨鳩,巨鳩,巨鳩
浮,薄謀,縛謀,縛謀,泊謀
謀,莫侯,莫浮,莫浮,莫侯
,,,,
侯,胡溝,胡溝,戶鉤,胡鉤
謳,烏侯,烏侯,烏侯,烏侯
羺,女溝,奴溝,奴鉤,女鉤
樓,落侯,落侯,落侯,落侯
涑,速侯,束侯,速侯,速侯
彄,恪侯,恪侯,恪侯,恪侯
齁,呼侯,呼侯,呼侯,呼侯
𣠏,子侯,子侯,子侯,子侯
偷,託侯,託侯,託侯,託侯
頭,度侯,度侯,度侯,鐸侯
齵,五侯,五侯,五婁,五侯
鉤,古侯,古侯,古侯,古侯
兜,當侯,當侯,當侯,當侯
㔌,俎鉤,徂鉤,鉏鉤,阻鉤
裒,／,蒲溝,薄侯,／
,,,,
幽,於虬,於虬,於虯,於虬
虬,渠幽,渠幽,渠幽,渠幽
彪,甫休,甫休,甫烋,甫休
樛,居虬,居虯,居虯,居虬
鏐,力幽,力幽,力幽,力幽
淲,扶彪,扶彪,皮彪,扶彪
稵,子幽,子幽,子幽,子幽
犙,山幽,山幽,山幽,山幽
聱,語虬,語虯,語虯,語虬
飍,香幽,香幽,香幽,香幽
烋,許彪,許彪,香幽,許彪
繆,武彪,武彪,武彪,武彪
,,,,
侵,七林,七林,七林,七林
尋,徐林,徐林,徐林,徐林
林,力尋,力尋,力尋,力尋
琛,丑林,丑林,丑林,丑林
斟,職深,職深,職深,職深
沉,除深,除深,直深,除深
碪,知林,知林,知林,知林
諶,氏林,氏林,氏任,是林
任,如林,如林,如林,如林
深,式針,式針,式針,識斟
淫,餘針,餘針,餘針,余斟
心,息林,息林,息林,息林
愔,於淫,於淫,挹淫,於淫
祲,姉心,姉心,子心,姉心
𩷒,昨淫,昨淫,昨淫,昨淫
䛘,女心,女心,女心,女心
琴,渠金,渠金,巨金,渠金
欽,去音,去音,去金,去音
吟,魚今,魚音,魚金,魚金
歆,許今,許金,許金,許金
金,居音,居音,居吟,居音
音,於吟,於吟,於金,於吟
森,所金,所今,所今,所金
岑,鋤簪,鋤金,鋤針,鋤簪
簪,側岑,側岑,側吟,稄岑
嵾,楚岑,楚今,楚簪,楚岑
𧡪,／,充針,充針,／
,,,,
鹽,余廉,余廉,余廉,余廉
廉,力鹽,力鹽,力鹽,力鹽
砭,府廉,府廉,府廉,甫廉
籤,七廉,七廉,七廉,七廉
詹,職廉,職廉,職廉,職廉
銛,息廉,息廉,息廉,息廉
棎,視詹,視詹,視占,視詹
苫,失廉,失廉,失廉,失廉
䪜,處詹,處詹,處占,處詹
髯,汝鹽,汝鹽,汝鹽,汝鹽
黏,女廉,女廉,女廉,女廉
炎,于廉,于廉,于廉,于廉
霑,張廉,張廉,張廉,張廉
覘,丑廉,丑廉,丑廉,丑廉
淹,英廉,英廉,央炎,霙廉
𢜩,丘廉,丘廉,丘廉,丘廉
𪙊,語廉,語廉,語廉,語廉
尖,子廉,子廉,子廉,子廉
潛,作鹽,昨鹽,昨鹽,作鹽
箝,巨淹,巨淹,巨淹,巨淹
懕,於鹽,於鹽,一鹽,於鹽
燖,徐廉,徐廉,徐鹽,徐廉
,,,,
添,他廉,他兼,他兼,他廉
𩬑,丁廉,丁廉,丁兼,丁廉
甜,徒廉,徒兼,徒兼,徒廉
鬑,勒廉,勒兼,勒兼,勒廉
兼,古恬,古甜,古甜,古甜
嫌,戶兼,戶兼,戶兼,戶兼
鮎,奴兼,奴兼,奴兼,奴兼
馦,許兼,許兼,許兼,許兼
謙,苦兼,苦兼,苦兼,苦兼
,,,,
蒸,語膺*,諸膺,煮仍,諸膺
承,署陵,署陵,署陵,署陵
澄,直陵,直陵,直陵,直陵
陵,力膺,六膺,力膺,力膺
膺,於陵,於陵,於陵,於陵
憑,扶氷,扶冰,扶冰,扶氷
氷,筆陵,筆陵,筆陵,筆陵
蠅,余陵,余陵,余陵,余陵
繩,食陵,食陵,食陵,食陵
升,識丞,識承,識蒸,識丞
仍,如丞,如承,如乘,如丞
兢,居陵,居陵,居陵,居陵
徵,陟陵,陟陵,陟陵,陟陵
繒,疾陵,疾陵,疾陵,疾陵
凝,魚陵,魚陵,魚陵,魚陵
興,虚陵,虚陵,虚陵,虚陵
稱,處陵,處陵,處陵,處陵
殑,其矝,其矜,其矜,其兢
㱡,山矜,山矜,山矜,山兢
僜,丑升,丑升,丑升,丑升
硱,／,綺兢,綺兢,／
,,,,
登,都縢,都滕,都滕,都滕
楞,盧登,慮登,魯登,盧登
僧,蘇曾,蘇曾,蘇增,蘇增
崩,北縢,北騰,北滕,北滕
增,作縢,昨縢,作滕,作滕
瞢,武登,武登,武登,武登
層,昨稜,昨稜,昨棱,昨楞
朋,步崩,步崩,步崩,捕崩
弘,胡肱,胡肱,胡肱,胡肱
肱,古弘,古弘,古弘,古弘
薨,呼弘,呼弘,呼肱,呼弘
能,奴登,奴登,奴登,奴登
滕,徒登,徒登,徒登,徒登
恒,胡登,胡登,胡登,胡登
揯,古恒,古恒,古恒,古恒
鼟,／,他登,他登,／
,,,,
咸,胡讒,胡讒,胡讒,胡讒
緘,古咸,古咸,古咸,古咸
攕,所咸,所咸,所咸,所咸
𤟟,乙咸,乙咸,乙咸,乙咸
喦,五咸,五咸,五咸,五咸
㰹,許咸,許咸,許咸,許咸
詀,竹咸,竹咸,竹咸,竹咸
諵,女咸,女咸,女咸,女咸
讒,士咸,士咸,士咸,士咸
鵮,苦咸,苦咸,苦咸,苦咸
銜,戶監,戶監,戶監,戶監
巉,鋤銜,鋤銜,鋤銜,鋤銜
巖,五銜,五銜,五銜,五銜
攙,楚銜,楚銜,楚銜,楚銜
衫,所銜,所銜,所銜,所銜
監,古銜,古銜,古銜,古銜
,,,,
嚴,語𩏩,語𩏩,語𩏩,語𩏩
𩏩,虚嚴,虚嚴,虚嚴,虚嚴
醃,於嚴,於嚴,於嚴,於嚴
㪁,丘嚴,丘嚴,丘嚴,丘嚴
,,,,
凡,苻䒦,符䒦,符䒦,扶䒦
䒦,疋凡,匹凡,匹凡,疋凡
,,,,
董,多動,多動,多動,多動
蠓,莫孔,莫孔,莫孔,莫孔
孔,康董,康董,康董,康董
㪌,先揔,先揔,先孔,先揔
侗,他孔,他孔,他孔,他孔
揔,作孔,作孔,作孔,作孔
澒,胡孔,胡孔,胡孔,胡孔
蓊,阿孔,阿孔,烏孔,阿孔
𨑊,奴動,奴動,奴動,奴動
琫,方孔,方孔,邊孔,方孔
曨,力董,力董,力董,力董
動,徒揔,徒捴,徒揔,徒揔
唪,／,蒲蠓,蒲蠓,／
,,,,
湩,／,都隴,都𪁪,／
𪁪,／,莫湩,莫湩,／
,,,,
腫,之隴,之隴,之隴,之隴
寵,丑隴,丑隴,丑隴,丑隴
隴,力奉,力奉,力踵,力奉
擁,於隴,於隴,於隴,於隴
宂,而隴,而隴,而隴,而隴
重,直隴,直隴,直隴,直隴
冢,知隴,知壠,知隴,知隴
奉,扶隴,扶隴,扶隴,扶隴
捧,敷隴,敷隴,敷奉,敷隴
勇,餘隴,餘隴,余隴,余隴
恐,墟隴,墟隴,丘隴,墟隴
尰,時宂,時冗,時宂,時宂
拱,居悚,居悚,居悚,居悚
悚,息拱,息拱,息拱,息拱
洶,許拱,許拱,許拱,許拱
覂,／,方奉,方勇,／
𨿿,／,充隴,充隴,／
褷,／,子冢,子冢,／
𢃓,／,且勇,職勇,／
𣑦,／,渠隴,渠隴,／
,,,,
講,古項,古項,古項,古項
㭋,步項,步項,步項,捕項
慃,鳥項*,烏項,烏項,烏項
項,胡講,胡講,胡講,胡講
𠈵,武項,武項,武項,武項
,,,,
紙,諸氏,諸氏,諸氏,諸是
是,氶紙,丞紙,承紙,丞紙
靡,文彼,文彼,文彼,文彼
彼,甫委,補靡,甫委,甫委
被,皮彼,皮彼,皮彼,皮彼
毁,許委,許委,許委,許委
委,於詭,於詭,於詭,於詭
跪,去委,去委,去委,去委
詭,居委,居委,過委,居委
髓,息委,息委,息委,息委
累,力委,力委,力委,力委
技,渠綺,渠綺,渠綺,渠綺
倚,於綺,於綺,於綺,於綺
掎,居綺,居綺,居綺,居綺
綺,墟彼,墟彼,墟彼,墟彼
蟻,魚倚,魚倚,魚倚,魚倚
蔿,爲委,爲委,韋委,爲委
觜,即委,即委,即委,即委
蘂,而髓,而髓,如累,而髓
此,雌氏,雌氏,雌氏,雌是
豸,池尔,池尔,池爾,馳爾
徙,斯氏,斯氏,斯氏,斯是
酏,移尔,移尔,移爾,移爾
邐,力氏,力氏,力紙,力是
躧,所綺,所綺,所綺,所綺
俾,卑婢,卑婢,并弭,卑婢
爾,兒氏,兒氏,兒氏,兒是
渳,民婢,弥婢,綿婢,民婢
婢,便俾,便俾,便俾,便俾
侈,尺氏,尺尔,尺氏,尺是
㢮,式氏,式是,施是,識是
紫,茲尔,茲尔,將此,茲爾
捶,之累,之累,之累,之累
揣,初委,初委,初委,初委
𤢩,隨婢,隨婢,隨婢,隨婢
𦧇,倉氏*,食紙,神帋,倉是
輢,於綺,於綺,於綺,於綺
㧗,側氏,側氏,側氏,稄是
㱟,匹靡,匹靡,匹靡,疋靡
諀,匹婢,匹婢,匹婢,疋婢
䓈,羊捶,羊捶,羊捶,陽捶
惢,才捶,才捶,才捶,裁捶
跬,去弭,去弭,丘弭,去渳
狔,女氏,女氏,女氏,女是
硊,魚毁,魚毁,魚毁,魚毁
𧻜,求累,求累,渠委,裘累
褫,／,勑豸,敕豸,／
㨖,／,陟侈,陟侈,／
𪖪,／,興倚,興倚,／
,,,,
旨,職雉,職雉,職雉,職雉
視,丞旨,承旨,承矢,丞旨
羙,無鄙,無鄙,無鄙,無鄙
鄙,方美,方美,方美,方羙
兕,徐姉,徐姉,徐姊,徐姉
几,居履,居履,居履,居履
姉,將几,將几,將几,將几
匕,卑履,卑履,卑履,卑履
䡄,居洧,居洧,居洧,居洧
洧,榮美,榮美,榮美,榮羙
矢,式視,式視,式視,識視
死,息姉,息姉,息姊,息姉
雉,直几,直几,直几,直几
牝,扶履,扶履,扶履,扶履
履,力几,力几,力几,力几
水,式宂*,式軌,式軌,識䡄
壘,力宄,力軌,力軌,力䡄
揆,蔡癸*,葵癸,求癸,葵癸
趡,千水,千水,千水,千水
柅,女履,女履,女履,女履
癸,居誄,居誄,居誄,居壘
否,符鄙,符鄙,符鄙,扶鄙
㠑,徂累,徂罍,徂累,徂累
嚭,𮞅鄙*,匹鄙,匹鄙,疋鄙
蕊,如藟,如藟,如壘,如壘
唯,以水,以水,以水,以水
㰻,於几,於几,於几,於几
濢,遵誄,遵誄,遵誄,遵壘
巋,羌軌,／,丘軌,羌䡄
黹,胝几,胝几,豬几,胝几
𡳭,絺履,絺履,楮几,絺履
跽,曁几,曁几,曁几,臮几
䁤,／,許癸,火癸,／
跽,／,曁軌,／,／
,,,,
止,諸市,諸市,諸市,諸市
市,時止,時止,時止,時止
徴,陟里,陟里,陟里,陟里
喜,虚里,虚里,虚里,虚里
以,羊止,羊止,羊己,陽止
似,詳理,詳里,詳里,詳里
紀,居似,居以,居理,居似
史,踈士,踈士,踈士,踈士
耳,而止,而止,而止,而止
里,良士,良士,良士,良士
始,詩止,詩止,詩止,詩止
枲,胥里,胥里,胥里,胥里
峙,直里,直里,直里,直里
起,墟里,墟里,墟里,墟里
士,鋤里,鋤里,鉏里,鋤里
俟,漦史,漦史,牀史,漦史
子,即里,即里,即里,即里
矣,于紀,于紀,于紀,于紀
擬,魚紀,魚紀,魚紀,魚紀
齒,昌里,昌里,昌里,昌里
恥,勑里,勑里,敕里,勑里
㓼,初紀,初紀,初紀,初紀
滓,側李,側李,阻史,側李
譩,／,於擬,於擬,／
,,,,
尾,無匪,無匪,無匪,無匪
豈,氣狶,氣狶,袪狶,氣狶
扆,衣豈,依豈,於豈,衣豈
蟣,居狶,居俙,居狶,居狶
斐,妃尾,妃尾,敷尾,霏尾
匪,非尾,非尾,府尾,斐尾
韙,韋鬼,韋鬼,于鬼,幃鬼
鬼,居偉,居偉,居偉,居韙
虺,許偉,許偉,許偉,許韙
顗,魚豈,魚豈,魚豈,魚豈
狶,希豈,希豈,虚豈,希豈
磈,於鬼,於鬼,於鬼,於鬼
膹,浮鬼,浮鬼,浮鬼,浮鬼
,,,,
語,魚舉,魚舉,魚巨,魚舉
呂,力舉,力舉,力舉,力舉
佇,除呂,除呂,直呂,除呂
與,余莒,余筥,余呂,余舉
煮,諸与,諸与,章与,諸與
汝,知與*,如与,人渚,如與
暑,舒莒,舒莒,舒呂,書舉
杵,昌与,昌与,昌與,昌與
貯,丁呂,丁呂,丁呂,丁呂
諝,私呂,私呂,私呂,私呂
女,尼与,尼与,尼呂,尼與
楮,丑呂,丑呂,丑呂,丑呂
許,虚呂,虚呂,虚呂,虚呂
巨,其呂,其呂,其呂,其呂
所,踈舉,踈舉,踈舉,踈舉
楚,初舉,初舉,創舉,初舉
阻,側呂,側呂,側呂,稄呂
齟,鋤呂,鋤呂,牀呂,鋤呂
咀,慈呂,慈呂,慈呂,慈呂
𢮁,於許,於許,於許,於許
舉,居許,居許,居許,居許
敍,徐呂,徐呂,徐呂,徐呂
去,羌舉,羌舉,羌舉,羌舉
野,署與,署與,承與,署與
紓,神與,神与,神與,神與
𤿚,七与,七与,七與,七與
苴,子与,子与,子與,子與
,,,,
麌,虞巨,虞矩,虞矩,虞巨
羽,于矩,于矩,王矩,于矩
聚,慈𢈔,慈雨,慈𢈔,慈𢈔
甫,方主,方主,方矩,方主
武,無主,無主,文甫,無主
父,扶雨,扶雨,扶雨,扶羽
撫,字武*,孚武,芳武,敷武
柱,直主,直主,直主,直主
詡,況羽,況羽,況羽,況羽
豎,殊主,殊主,臣𢈔,銖主
𢈔,以主,以主,以主,以主
主,之𢈔,之𢈔,之𢈔,之𢈔
傴,於武,於武,於武,於武
齲,軀主,驅主,驅雨,區主
𪐴,智主,智主,知𢈔,智主
乳,而主,而主,而主,而主
窶,其縷,其矩,其矩,其縷
數,所矩,所矩,所矩,所矩
矩,俱羽,俱羽,俱雨,拘羽
取,七𢈔,七𢈔,七𢈔,七𢈔
縷,力主,力主,力主,力主
䋶,／,思主,相𢈔,／
,,,,
姥,莫補,莫補,莫補,莫補
土,地古*,他古,他魯,他古
杜,徒古,徒古,徒古,徒古
魯,郎古,郎古,郎古,郎古
睹,當古,當古,當古,當古
古,姑戶,姑戶,公戶,孤戶
蔖,采古,采古,采古,採古
五,吾古,五古,疑古,吾古
簿,裴古,裴古,裴古,裴古
粗,徂古,徂古,徂古,徂古
祖,則古,則古,則古,則古
虎,呼古,呼古,呼古,呼古
塢,烏古,烏古,安古,烏古
苦,康杜,康杜,康杜,康杜
怒,奴古,奴古,奴古,奴古
戶,胡古,胡古,侯古,胡古
普,滂古,滂古,滂古,滂古
補,愽古,博古,博古,博古
,,,,
薺,徂禮,徂礼,徂禮,徂禮
禮,盧啓,盧啓,盧啓,盧啓
體,他礼,他礼,他禮,他禮
䫌,匹米,匹米,匹米,疋米
濟,子礼,子礼,子禮,子禮
邸,都礼,都礼,都禮,都禮
禰,乃礼,乃礼,奴禮,乃禮
弟,徒礼,徒礼,徒禮,徒禮
洗,先礼,先礼,先禮,先禮
泚,千礼,千礼,千禮,千禮
啓,康礼,康礼,康禮,康禮
傒,胡礼,胡礼,胡禮,胡禮
米,莫礼,莫礼,莫禮,莫禮
陛,傍礼,傍礼,傍禮,傍禮
𠯋,…弟,一弟,烏弟,…弟
怟,徒啓,／,／,徒啓
堄,／,吾體,研啓,／
㪏,／,補米,補米,／
,,,,
蟹,𩍑買,鞵買,胡買,膎買
𮙥,宅買,宅買,宅買,宅買
妳,奴解,奴解,奴蟹,奴解
抧,側解,側解,,稄解
買,莫解,莫解,莫蟹,莫解
𦫼,口解,口解,苦蟹,口解
罷,薄解,薄解,薄蟹,泊解
攞,北買,北買,北買,北買
矮,烏解,烏解,烏蟹,烏解
解,／,加買,佳買,／
𧡋,／,牛買,五駭,／
,,,,
駭,諧楷,諧楷,侯楷,諧楷
楷,苦駭,苦駭,苦駭,苦駭
騃,五駭,五駭,五駭,五駭
挨,於駭,於駭,於駭,於駭
𢖆,㜾楷,／,／,孩楷
鍇,／,古駭,古諧,／
,,,,
賄,呼猥,呼猥,呼罪,呼猥
猥,烏賄,烏賄,烏賄,烏賄
磥,落猥,落猥,落猥,落猥
鐓,徒猥,徒猥,徒猥,徒猥
浼,武罪,武罪,武罪,武罪
罪,徂賄,徂賄,徂賄,徂賄
骽,吐猥,吐猥,吐猥,土猥
瘣,胡罪,胡罪,胡罪,胡罪
䫥,口猥,口猥,口猥,口猥
𦞙,都罪,都罪,都罪,都罪
餒,奴罪,奴罪,奴罪,奴罪
頠,五罪,五罪,五罪,五罪
皠,七罪,七罪,七罪,七罪
琲,蒲罪,鋪罪,蒲罪,匍罪
倄,羽罪,素罪,于罪,羽罪
嶊,／,子罪,子罪,／
,,,,
海,呼改,呼改,呼改,呼改
愷,苦亥,苦亥,苦亥,苦亥
宰,作亥,作亥,作亥,作亥
駘,徒亥,徒亥,徒亥,徒亥
乃,奴亥,奴亥,奴亥,奴亥
改,古亥,古亥,古亥,古亥
亥,胡改,胡改,胡改,胡改
啡,匹愷,疋愷,匹愷,疋愷
採,倉宰,倉宰,倉宰,倉宰
茝,昌待,昌殆,昌紿,昌駘
等,多改,多改,多改,多改
䆀,莫亥,莫亥,莫亥,莫亥
在,昨宰,昨宰,昨宰,昨宰
俖,普乃,普乃,普乃,普乃
欸,於改,於改,於改,於改
倍,薄亥,薄亥,薄亥,泊亥
,,,,
𨋎,之忍,之忍,章忍,之忍
蠢,尺尹,尺尹,尺尹,尺尹
准,之尹,之尹,之尹,之尹
尹,余准,余准,余準,余准
筍,思尹,思尹,思尹,思尹
愍,眉殞,眉殞,眉殞,眉殞
牝,毗忍,毗忍,毗忍,毗忍
殞,于閔,于閔,于敏,于愍
窘,渠殞,渠殞,渠殞,渠殞
紖,直引,直引,直引,直引
辴,勑忍,勑忍,丑忍,勑忍
引,余𨋎,余𨋎,余忍,余𨋎
忍,而𨋎,而𨋎,而軫,而𨋎
矧,式忍,式忍,式忍,識忍
緊,居忍,居忍,居忍,居忍
盡,慈引,詢引,慈忍,慈引
泯,武盡,武盡,武盡,武盡
腎,時忍,時忍,時忍,時忍
釿,宜引,宜引,宜引,宜引
盾,食尹,食尹,食尹,食尹
笉,／,千忍,七忍,／
僯,／,力𨋎,良忍,／
㯸,／,子忍,即忍,／
耣,／,力尹,力準,／
㲝,／,而尹,而尹,／
糜,／,丘隕,丘尹,／
螼,／,丘引,弃忍,／
賰,／,式尹,式允,／
輑,／,牛隕,／,／
,,,,
吻,武粉,武粉,武粉,武粉
粉,方吻,方吻,方吻,方吻
憤,房吻,房吻,房吻,房吻
忿,敷粉,敷粉,敷粉,敷粉
惲,於粉,於粉,於粉,於粉
齳,魚吻,魚吻,魚吻,魚吻
抎,／,于粉,云粉,／
,,,,
隱,於謹,於謹,於謹,於謹
謹,居隱,居隱,居隱,居隱
赾,丘謹,丘謹,丘謹,丘謹
近,其謹,其謹,其謹,其謹
听,牛謹,牛謹,牛謹,牛謹
齓,初隱,初隱,初隱,初隱
脪,／,興近,休謹,／
,,,,
阮,魚遠,虞遠,虞遠,魚遠
遠,雲晚,雲晚,雲阮,雲晚
偃,於𢖘,於幰,於幰,於㦥
湕,居偃,居偃,居偃,居偃
寋,其偃,其偃,其偃,其偃
𧥛,去偃,去偃,去偃,去偃
𧥜,語偃,語偃,語偃,語偃
㦥,虚偃,虚偃,虚偃,虚偃
晚,無遠,無遠,無遠,無遠
反,府遠,府遠,府遠,甫遠
𧯦,求晚,求晚,求晚,裘晚
婉,於阮,於阮,於阮,於阮
䅚,去阮,去阮,去阮,去阮
暅,況晚,況晚,況晚,況晚
軬,扶遠,丘遠,扶晚,扶遠
,,,,
混,胡夲,胡夲,胡本,胡夲
忖,倉夲,倉本,倉本,倉夲
夲,布忖,布忖,布忖,布忖
損,蘇夲,蘇夲,蘇本,蘇夲
𠟃,茲損,茲損,茲損,茲損
穩,烏夲,烏夲,烏本,烏夲
囤,徒損,徒損,徒損,徒損
鱒,徂夲,徂夲,才本,徂夲
𩩌,古夲,古夲,古本,古夲
畽,他夲,他夲,他衮,他夲
閫,苦夲,苦夲,苦本,苦夲
獖,盆夲,盆夲,蒲本,盆夲
㤻,／,盧本,盧本,／
,,,,
佷,痕墾,痕墾,胡墾,痕墾
墾,康佷,康佷,康很,康佷
䫀,古佷,古佷,古很,古佷
,,,,
旱,何𫉗,何滿,胡笴,何滿
緩,胡管,胡管,胡管,胡管
短,都管,都管,都管,都管
算,蘇管,蘇管,蘇管,蘇管
欵,苦管,苦管,苦管,苦管
餪,乃管,乃管,乃管,乃管
纂,作管,作管,作管,作管
椀,烏管,烏管,烏管,烏管
粄,博管,博管,博管,博管
管,古纂,古纂,古滿,古纂
斷,徒管,徒管,徒管,徒管
疃,他管,他管,吐緩,他管
伴,薄旱,薄旱,蒲旱,泊旱
卵,落管,落管,盧管,落管
滿,莫旱,莫旱,莫旱,莫旱
但,徒旱,徒旱,徒旱,徒旱
坦,他但,他但,他但,他但
亶,多旱,多旱,多旱,多旱
嬾,落旱,落旱,落旱,落旱
笴,各旱,各旱,古旱,各旱
𢿨,蘇旱,蘇旱,蘇旱,蘇旱
瓉,昨旱,昨旱,藏旱,昨旱
罕,呼稈,呼稈,呼旱,呼笴
侃,空旱,空旱,空旱,空旱
懣,亡伴,莫夲,模本,亡伴
攤,／,奴但,奴但,／
,,,,
潸,數板,數板,數板,數板
綰,烏板,烏板,烏板,烏板
板,布綰,布綰,布綰,布綰
䩆,側板,側板,側板,稄板
𧹞,奴板,奴板,奴板,奴板
僴,下𧹞,胡板,下赧,下𧹞
睆,戶板,戶板,戶板,戶板
阪,扶板,扶板,扶板,扶板
矕,武板,武板,武板,武板
𪘪,士板,士板,士板,士板
莧,胡板,胡板,／,胡板
㹽,初板,初板,初板,初板
𪗙,五板,五板,五板,五板
,,,,
產,所簡,所簡,所𥳑,所簡
限,胡簡,胡簡,胡𥳑,胡簡
𥇅,武限,武限,武𥳑,武限
簡,古限,古限,古限,古限
剗,初限,初限,初限,初限
棧,士限,士限,士限,士限
眼,五限,五限,五限,五限
醆,側限,側限,阻限,稄限
㸧,／,口限,起限,／
,,,,
銑,蘇顯,蘇典,蘇典,蘇顯
腆,他典,他典,他典,他典
典,多顯,多繭,多殄,多顯
蝘,於𣧠,於殄,於殄,於𣧠
𣧠,徒顯,徒典,徒典,徒顯
蠒,古典,古典,古典,古典
峴,胡顯,胡繭,胡典,胡顯
顯,呼典,呼典,呼典,呼典
撚,奴典,奴典,乃殄,奴典
㨠,亡𣧠,亡典,彌殄,亡𣧠
編,方顯,方繭,方典,方顯
泫,胡犬,胡犬,胡畎,胡犬
辮,薄顯,薄典,薄泫,泊顯
畎,古泫,古泫,姑泫,古泫
犬,苦泫,苦泫,苦泫,苦泫
𥧬,／,口典,牽繭,／
,,,,
獮,息淺,息淺,息淺,息淺
演,以淺,以淺,以淺,以淺
踐,疾演,疾演,慈演,疾演
𦗢,旨善,旨善,旨善,旨善
展,知演,知演,知演,知演
趂,尼展,居展,尼展,尼展
淺,七演,七演,七演,七演
闡,昌善,昌善,昌善,昌善
遣,去演,去演,去演,去演
善,常演,常演,常演,常演
蹇,基善,居輦,九輦,姬善
剪,即踐,即踐,即淺,即踐
蹨,人善,人善,人善,仁善
輦,力演,力演,力展,力演
件,其輦,其輦,其輦,其輦
𦆀,徐輦,徐輦,徐翦,徐輦
齴,魚蹇,魚蹇,魚蹇,魚蹇
辯,符蹇,符蹇,符蹇,扶蹇
緬,無兖,無兖,彌兖,無兖
褊,方緬,方緬,方緬,方緬
臇,姉兖,姉兖,子兖,姉兖
吮,徐兖,徂兖,徂兖,徐兖
辡,方免,方免,方免,方免
兖,以轉,以轉,以轉,以轉
臠,力兖,力兖,力兖,力兖
轉,陟兖,陟兖,陟兖,陟兖
卷,古轉,居轉,居轉,古轉
圈,渠篆,渠篆,渠篆,渠篆
輭,而兖,而兖,而兖,而兖
舛,昌兖,昌兖,昌兖,昌兖
膞,視兖,視兖,市兖,視兖
篆,治兖,持兖,持兖,治兖
剸,旨兖,旨兖,旨兖,旨兖
選,思兖,思兖,思兖,思兖
撰,士免,士免,士免,士免
蜎,狂兖,狂兖,狂兖,狂兖
蠉,香兖,香兖,香兖,香兖
楩,符善,符善,符善,扶善
免,亡辯,亡辯,亡辨,亡辯
𢵈,基善,基善,九輦,姬善
𩺉,丑善,丑善,丑善,丑善
㒄,／,式善,式善,／
㫃,／,於蹇,於蹇,／
,,,,
篠,蘇鳥,蘇鳥,先鳥,蘇鳥
晈,古了,古了,古了,古了
鳥,都了,都了,都了,都了
了,盧鳥,盧鳥,盧鳥,盧鳥
脁,吐鳥,吐鳥,土了,土鳥
曉,呼鳥,呼鳥,馨皛,呼鳥
杳,烏晈,烏晈,烏晈,烏晈
𤲶,乃鳥,奴鳥,奴鳥,乃鳥
皛,胡了,胡了,胡了,胡了
窕,徒了,徒了,徒了,徒了
磽,苦皎,苦皎,苦皎,苦晈
湫,子已*,子了,子了,子了
,,,,
小,私𡉵󠄀,私兆,私兆,私肈
肈,治小,直小,治小,治小
沼,之少,之少,之少,之少
少,書沼,書沼,書沼,書沼
夭,於𡉵󠄀,於兆,於兆,於肈
擾,而沼,而沼,而沼,而沼
摽,符小,符小,苻少,扶小
𪍑,尺紹,尺紹,尺沼,尺紹
縹,…沼,敷沼,敷沼,…沼
眇,亡沼,亡沼,亡沼,亡沼
紹,市沼,市沼,市沼,市沼
矯,居沼,居沼,居夭,居沼
表,方小,方小,方小,方小
藨,平表,平表,平表,平表
鷕,以沼,以沼,以沼,以沼
悄,七小,七小,親小,七小
勦,子小,子小,子小,子小
𨲭,在小,巨小,巨夭,在小
繚,力小,力小,力小,力小
闄,／,於小,於小,／
表,／,方矯,陂矯,／
,,,,
巧,苦絞,苦絞,苦絞,苦絞
澩,下巧,下巧,下巧,下巧
飽,愽巧,博巧,博巧,博巧
㺒,奴…,奴巧,奴巧,奴…
夘,莫飽,莫飽,莫飽,莫飽
絞,古巧,古巧,古巧,古巧
爪,側絞,側絞,側絞,稄絞
拗,於絞,於絞,於絞,於絞
鮑,薄巧,薄巧,薄巧,泊巧
齩,五巧,五巧,五巧,五巧
煼,楚巧,楚巧,初爪,楚巧
梢,／,所絞,山巧,／
,,,,
晧,胡老,胡老,胡老,胡老
抱,薄浩,薄浩,薄浩,泊晧
老,盧浩,盧浩,盧晧,盧晧
討,他浩,他浩,他浩,他晧
道,徒浩,徒浩,徒晧,徒晧
𰯝,奴晧,奴浩,奴晧,奴晧
倒,都浩,都浩,都晧,都晧
㛮,蘇浩,蘇晧,蘇老,蘇晧
草,七嫂,七掃,采老,七㛮
早,子浩,子浩,子晧,子晧
皁,昨早,昨早,昨早,昨早
暠,古老,古老,古老,古老
好,呼浩,呼浩,呼晧,呼晧
蓩,武道,武道,武道,武道
寳,愽抱,博抱,博抱,博抱
襖,烏浩,烏浩,烏晧,烏晧
考,苦浩,苦浩,苦浩,苦晧
𦽀,／,五老,五老,／
,,,,
哿,古我,古我,古我,古我
火,呼果,呼果,呼果,呼果
果,古火,古火,古火,古火
埵,丁果,丁果,丁果,丁果
鎖,蘇果,蘇果,蘇果,蘇果
墮,徒果,徒果,徒果,徒果
妥,他果,他果,他果,他果
叵,普可,普可,普火,普可
跛,布火,布火,布火,布火
躶,郎果,郎果,郎果,郎果
禍,胡果,胡果,胡果,胡果
坐,徂果,徂果,徂果,徂果
爹,徒可,徒可,徒可,徒可
可,枯我,枯我,枯我,枯我
我,五可,五可,五可,五可
左,作可,則可,臧可,作可
麽,莫可,莫可,亡果,莫可
㰤,呼可,呼我,虚我,呼可
婐,烏果,烏果,烏果,烏果
𨵅,烏可,烏可,烏可,烏可
橠,乃可,乃可,奴可,乃可
㰁,勒可,勒可,來可,勒可
姽,五果,五果,五果,五果
縒,蘇可,蘇可,蘇可,蘇可
瑳,千可,千可,千可,千可
嚲,丁可,丁可,丁可,丁可
顆,枯果,枯果,苦果,枯果
㛂,／,奴果,奴果,／
苛,／,胡可,胡可,／
䂳,／,倉顆,倉果,／
爸,／,蒲可,捕可,／
,,,,
馬,莫下,莫下,莫下,莫下
者,之野,之野,章也,之野
野,以者,以者,羊者,以者
雅,五下,五下,五下,五下
檟,古雅,古雅,古疋,古雅
啞,烏雅,烏雅,烏下,烏雅
灺,徐野,徐雅,徐野,徐野
下,胡雅,胡雅,胡雅,胡雅
冩,𢘻野,𢘻野,悉姐,悉野
㗿,許下,許下,許下,許下
且,七野,七也,七也,七野
跒,苦夏,苦下,苦下,苦下
跁,傍下,傍下,傍下,傍下
社,市者,市也,常者,市者
捨,書者,書也,書冶,書者
姐,慈野,慈野,慈野,慈野
把,愽下,博下,博下,博下
踝,胡瓦,胡瓦,胡瓦,胡瓦
寡,古瓦,古瓦,古瓦,古瓦
瓦,五寡,五寡,五寡,五寡
𦴈,人者,人者,人者,仁者
鮓,側下,側下,側下,稄下
觰,都下,都下,都賈,都下
槎,士下,士下,士下,士下
奲,車者,車下,昌者,車者
䋾,竹下,竹下,竹下,竹下
䋈,奴下,奴下,奴下,奴下
髁,口瓦,口瓦,苦瓦,口瓦
䂳,／,叉瓦,叉瓦,／
葰,／,蘇寡,沙瓦,／
,,,,
感,古禫,古禫,古禫,古禫
禫,徒感,徒感,徒感,徒感
晻,烏感,烏感,烏感,烏感
腩,奴感,奴感,奴感,奴感
襑,他感,他感,他感,他感
歜,徂感,徂感,徂感,徂感
慘,七感,七感,七感,七感
顉,五感,五感,五感,五感
昝,子感,子感,子感,子感
糂,素感,素感,桑感,𧦡感
坎,苦感,苦感,苦感,苦感
頷,胡感,胡感,胡感,胡感
壈,盧感,盧感,盧感,盧感
黕,都感,都感,都感,都感
䫲,／,呼感,呼唵,／
,,,,
敢,古覧,古覽,古覽,古覽
覽,盧敢,盧敢,盧敢,盧敢
菼,吐敢,吐敢,吐敢,土敢
膽,都敢,都敢,都敢,都敢
噉,徒敢,徒敢,徒敢,徒敢
㛧,謨敢,謨敢,謨敢,模敢
䭕,子敢,子敢,子敢,子敢
槧,才敢,才敢,才敢,裁敢
埯,安敢,安敢,烏敢,安敢
黲,倉敢,倉敢,倉敢,倉敢
,,,,
養,餘兩,餘兩,餘兩,余兩
像,詳兩,詳兩,徐兩,詳兩
㢡,即兩,即兩,即兩,即兩
兩,良㢡,力㢡,良㢡,良㢡
勥,其兩,其兩,其兩,其兩
鞅,於兩,於兩,於兩,於兩
仰,魚兩,魚兩,魚兩,魚兩
磢,則兩,測兩,初兩,則兩
想,息兩,息兩,息兩,息兩
掌,職兩,職兩,諸兩,職兩
𠁊,踈兩,踈兩,踈兩,踈兩
敞,昌兩,昌兩,昌兩,昌兩
響,許兩,許兩,許兩,許兩
繈,居兩,居兩,居兩,居兩
丈,直兩,直兩,直兩,直兩
昶,丑兩,丑兩,丑兩,丑兩
壤,如兩,如兩,如兩,如兩
賞,識兩,識兩,書兩,識兩
髣,芳兩,芳兩,妃兩,芳兩
罔,文兩,文兩,文兩,文兩
昉,方兩,方兩,分网,方兩
枉,紆往,紆罔,紆往,䊸往
往,王兩,王兩,于兩,王兩
怳,許昉,許昉,許昉,許昉
上,時掌,時掌,時掌,時掌
長,／,中兩,知丈,／
臩,／,渠往,俱往,／
䫪,／,义丈,初丈,／
,,,,
蕩,堂朗,堂朗,徒朗,唐朗
廣,古晃,古晃,古晃,古晃
䫙,蘇朗,蘇朗,蘇朗,蘇朗
榜,薄朗,博朗,北朗,泊朗
駔,子朗,子朗,子朗,子朗
曩,奴朗,奴朗,奴朗,奴朗
沆,胡朗,胡朗,胡朗,胡朗
曭,他朗,他朗,他朗,他朗
莽,模朗,莫朗,模朗,模朗
黨,徳朗,德朗,多朗,徳朗
朗,盧黨,盧黨,盧黨,盧黨
坱,烏朗,烏朗,烏朗,烏朗
慷,苦朗,苦朗,苦朗,苦朗
㳹,烏晃,烏晃,烏晃,烏晃
晃,胡廣,胡廣,胡廣,胡廣
髈,疋朗,普朗,匹朗,疋朗
慌,虎晃,虎晃,呼晃,虎晃
𨟼,各朗,各朗,各朗,各朗
𡘾,徂朗,在朗,徂朗,徂朗
,,,,
梗,古杏,古杏,古杏,古杏
丙,兵永,兵永,兵永,兵永
警,几影,几影,居影,几影
影,於丙,於丙,於丙,於丙
省,所景,所景,所景,所警
永,榮昞,榮丙,于憬,榮丙
皿,武永,武永,武永,武永
憬,舉永,舉永,俱永,舉永
杏,何梗,何梗,何梗,何梗
猛,莫杏,莫杏,莫杏,莫杏
礦,古猛,古猛,古猛,古猛
盯,張梗,張梗,張梗,張梗
瑒,徒杏,徒杏,徒杏,徒杏
䁝,烏猛,烏猛,烏猛,烏猛
打,德冷,德冷,德冷,徳冷
冷,魯打,魯打,魯打,魯打
鮩,／,蒲杏,蒲猛,／
,,,,
耿,古㚔,古杏,古幸,古㚔
䁅,武㚔,武幸,武幸,武㚔
㚔,胡耿,胡耿,胡耿,胡耿
𠊧,蒲㚔,蒲幸,蒲幸,匍㚔
皏,／,普幸,普幸,／
,,,,
靜,疾郢,疾郢,疾郢,疾郢
整,之郢,之郢,之郢,之郢
逞,丑郢,丑郢,丑郢,丑郢
郢,以整,以整,以整,以整
痙,其郢,其郢,巨郢,其郢
潁,餘頃,餘頃,餘頃,余頃
領,李郢,李郢,良郢,里郢
頸,居郢,居郢,居郢,居郢
餅,必郢,必郢,必郢,必郢
頃,去潁,去潁,去潁,去潁
井,子郢,子郢,子郢,子郢
癭,於郢,於郢,於郢,於郢
請,七靜,七靜,七靜,七靜
涇,初井*,其郢,巨郢,初井
慏,／,弥井,亡井,／
徎,／,丈井,丈井,／
,,,,
迥,戶鼎,戶鼎,戶頂,戶頂
泂,古鼎,古鼎,古迥,古頂
茗,莫迥,莫迥,莫迥,莫迥
頂,丁茗,丁挺,都挺,丁茗
挺,徒鼎,徒鼎,徒鼎,徒頂
珽,他鼎,他鼎,他鼎,他頂
汫,徂醒,徂酲,徂酲,徂醒
濙,烏迥,烏迥,烏迥,烏迥
謦,去挺,去挺,去挺,去挺
𩕳,乃挺,乃挺,乃挺,乃挺
婞,下挺,下挺,胡頂,下挺
醒,蘇挺,蘇挺,蘇挺,蘇挺
鞞,補鼎,補鼎,補鼎,補頂
褧,……,口迥,口迥,……
剄,古挺,古挺,古挺,古挺
頩,疋迥,疋迥,疋迥,疋迥
笭,力鼎,力鼎,力鼎,力頂
竝,萍…,萍迥,蒲迥,瓶…
䀴,／,五冷,五剄,／
,,,,
有,云久,云久,云久,雲久
栁,力久,力久,力久,力久
丑,勑久,勑久,欶久,勑久
紐,女久,女久,女久,女久
肘,陟栁,陟柳,陟柳,陟栁
朽,許久,許久,許久,許久
久,舉有,舉有,舉有,舉有
首,書久,書久,書九,書久
醜,處久,處久,昌九,處久
湫,在久,在久,在九,在久
婦,房久,房久,房久,房久
缶,方久,方久,方久,方久
蹂,人久,人久,人九,仁久
糗,去久,去久,去久,去久
舅,巨久,強久,其九,巨久
紂,直栁,直栁,除柳,直栁
酉,与久,与久,與久,與久
滫,息有,息有,息有,息有
受,植酉,植酉,殖酉,寔酉
䬀,於栁,於柳,於柳,於栁
酒,子酉,子酉,子酉,子酉
𣸈,踈有,踈有,踈有,踈有
帚,之久,之久,之九,之久
㤱,／,芳酒,芳否,／
掫,／,側久,側九,／
,,,,
厚,胡口,胡口,胡口,胡口
母,草厚*,莫厚,莫厚,莫厚
部,蒲口,蒲口,蒲口,匍口
斗,當口,當口,當口,當口
𪌘,他后,他后,天口,他厚
苟,古厚,古厚,古厚,古厚
藕,五口,五口,五口,五口
㨐,…垢,方垢,方垢,…苟
㝅,乃后,乃后,乃后,乃厚
叜,蘇后,蘇后,蘇后,蘇厚
吼,呼后,呼后,呼后,呼厚
剖,普厚,普厚,普后,普厚
歐,嗚口,烏口,烏后,烏口
塿,盧斗,盧斗,郎斗,盧斗
走,子厚,子厚,子苟,子厚
口,苦厚,苦厚,苦后,苦厚
䕆,徒口,徒口,徒口,徒口
鯫,士垢,士垢,仕垢,士苟
取,／,倉垢,倉苟,／
,,,,
黝,於糺,於糺,於糾,於糺
愀,茲糺,茲糺,在九,茲糺
糺,居黝,居黝,居黝,居黝
蟉,／,渠糺,渠黝,／
,,,,
寑,七稔,七稔,七稔,七荏
朕,直稔,直稔,直稔,直荏
坅,丘甚,丘甚,丘甚,丘甚
廩,力稔,力稔,力稔,力荏
罧,斯甚,斯稟,斯甚,斯甚
䤐,子朕,子甚,子朕,子朕
踸,禇甚,禇甚,丑甚,楮甚
荏,如甚,如甚,如甚,如甚
枕,之稔,之稔,章荏,之荏
沈,式稔,式稔,式荏,識荏
甚,植枕,食枕,常枕,寔枕
椹,食稔,食稔,食荏,食荏
瀋,尺甚,尺甚,昌枕,尺甚
墋,初朕,初朕,初朕,初朕
拰,尼甚,尼甚,尼凜,尼甚
噤,渠飲,渠飲,渠飲,渠飲
錦,居飲,居飲,居飲,居飲
僸,牛錦,牛錦,牛錦,牛錦
蕈,慈錦,慈錦,慈荏,慈錦
㾕,踈錦,踈錦,踈錦,踈錦
稟,筆錦,筆錦,筆錦,筆錦
品,不飲,披飲,丕飲,不飲
廞,虚錦,羲錦,許錦,虚錦
飲,於錦,於錦,於錦,於錦
𩒣,／,𡖖飲,欽錦,／
㱽,／,竹甚,張甚,／
𩖄,／,仕瘮,士㾕,／
,,,,
琰,以𮉼,以𮉼,以冉,以𮉼
歛,力𮉼,力𮉼,良冉,力𮉼
險,虚撿,虚撿,虚撿,虚撿
貶,方𮉼,方𮉼,方斂,方𮉼
𩑳,丘檢,丘檢,丘檢,丘撿
儼,魚檢,魚檢,魚檢,魚撿
儉,巨險,巨險,巨險,巨險
撿,居儼,居儼,居奄,居儼
黶,於琰,於琰,於琰,於琰
𮉼,而琰,而琰,而琰,而琰
陝,失𮉼,失𮉼,失冉,失𮉼
謟,丑琰,丑琰,丑琰,丑琰
奄,應俭,應儉,衣儉,膺儉
漸,自染,自𮉼,慈染,自染
憸,／,七漸,七漸,／
䭕,／,子𮉼,子冉,／
脥,／,苦脥,謙琰,／
,,,,
忝,他玷,他㸃,他玷,他㸃
淰,乃簟,乃簟,乃玷,乃簟
㸃,多忝,多忝,多忝,多忝
簟,徒玷,徒玷,徒玷,徒㸃
嗛,苦簟,苦簟,苦簟,苦簟
䆂,盧忝,盧忝,力忝,盧忝
鼸,下忝,下忝,胡忝,下忝
孂,／,居㸃,兼玷,／
𡕩,／,明忝,明忝,／
,,,,
𢫒,蒸之上聲,蒸之上聲,蒸上聲,
,,,,
等,多肯,多肯,多肯,多肯
倗,普等,普等,普等,普等
肯,苦等,苦等,苦等,苦等
,,,,
豏,下斬,下斬,下斬,下斬
湛,徒減,徒減,徒減,徒豏
㦿,苦減,苦減,苦減,苦豏
鹻,苦斬*,古斬,古斬,古斬
瀺,士減,士減,士減,士豏
斬,阻減,阻減,側減,阻豏
𦢙,初減,初減,初減,初豏
臉,力減,力減,力減,力豏
闞,火斬,火斬,火斬,火斬
摻,所斬,所斬,所斬,所斬
喊,／,子減,呼豏,／
㘝,／,女減,女減,／
𠐩,／,丑減,丑減,／
,,,,
檻,胡黤,胡黤,胡黤,胡黤
䫡,丘㩜,丘㩜,丘檻,丘檻
㨻,山㩜,山檻,山檻,山檻
黤,於㩜,於檻,於檻,於檻
醶,初㩜,初檻,初檻,初檻
㺖,荒㩜,莫檻,荒檻,荒檻
巉,／,士㩜,仕檻,／
,,,,
儼,／,虞埯,魚埯,／
險,／,希埯,／,／
埯,／,虞广,於广,／
㪁,／,丘广,丘广,／
,,,,
范,凡之上聲,苻凵,防鋄,凡之
凵,／,丘范,丘犯,／
𡕩,／,明范,亡范,／
,,,,
送,蘇弄,蘇弄,蘇弄,蘇弄
鳳,馮貢,馮貢,馮貢,馮貢
貢,古送,古送,古送,古送
弄,盧貢,盧貢,盧貢,盧貢
涷,多貢,多貢,多貢,多貢
控,苦貢,多貢,多貢,苦貢
糉,作弄,作弄,作弄,作弄
甕,烏貢,烏貢,烏貢,烏貢
𧩟,千弄,千弄,千弄,千弄
洞,徒弄,徒弄,徒弄,徒弄
痛,他弄,他弄,他貢,他弄
仲,直衆,直衆,直衆,直衆
諷,方鳳,方鳳,方鳳,方鳳
焪,去諷,去諷,去仲,去諷
夢,莫鳳,莫諷,莫鳳,莫鳳
𧽒,香仲,香仲,香仲,香仲
懞,莫弄,莫弄,莫弄,莫弄
賵,撫諷,撫諷,撫鳳,撫諷
趥,千仲,千仲,千仲,千仲
中,陟仲,陟仲,陟仲,陟仲
哄,胡貢,胡貢,胡貢,胡貢
齈,奴凍,奴凍,奴凍,奴涷
衆,之仲,之仲,之仲,之仲
銃,／,充仲,充仲,／
㓽,／,士仲,仕仲,／
,,,,
宋,蘇統,蘇統,蘇統,蘇統
綜,……,子宋,子宋,……
統,……,他宋,他綜,……
雺,／,莫綜,莫綜,／
䃔,／,丘中,乎宋,／
,,,,
用,余共,余共,余頌,余共
頌,似用,似用,似用,似用
俸,房用,房用,扶用,房用
共,渠用,渠用,渠用,渠用
葑,方用,方用,方用,方用
供,居冬*,居用,居用,居用
雍,於用,於用,於用,於用
縱,子用,子用,子用,子用
湩,竹用,竹用,竹用,竹用
儱,他用,丑用,丑用,他用
䩸,而用,而用,而用,而用
種,之用,之用,之用,之用
重,治用,持用,柱用,治用
贚,……,良用,良用,……
恐,／,區用,區用,／
從,／,従用,疾用,／
,,,,
絳,古巷,古巷,古巷,古巷
巷,胡降,胡降,胡絳,胡絳
戇,丁降,丁降,陟降,丁絳
漴,士降,士巷,士絳,士絳
䡴,直降,直降,直絳,直絳
𥈄,／,丑降,丑絳,／
肨,／,普降,匹降,／
䎫,／,叉降,楚降,／
,,,,
寘,支義,支義,支義,支議
避,婢義,婢義,毗義,婢議
惴,之睡,之睡,之睡,之睡
詈,……,力智,力智,……
豉,是義,是義,是義,是議
積,紫智,紫智,子智,紫智
賜,斯義,斯義,斯義,斯議
爲,榮…,榮僞,于僞,榮…
䞈,……,詭僞,詭僞,……
帔,…義,披義,披義,…議
賁,彼義,彼義,彼義,彼議
髲,皮義,皮義,平義,皮議
累,……,羸僞,良僞,……
寄,居義,居義,居義,居議
臂,卑義,卑義,卑義,卑議
芰,奇寄,奇寄,奇寄,奇寄
刺,此豉,此豉,七賜,此豉
易,以豉,以豉,以豉,以豉
㑥,神豉,神豉,以豉,神豉
議,冝寄,冝寄,宜寄,宜寄
譬,疋義,匹義,匹賜,疋議
漬,…智,在智,疾智,…智
智,知義,智義,知義,知議
倚,於義,於義,於義,於議
縋,馳僞,池累,馳僞,馳僞
吹,尺僞,尺僞,尺僞,尺僞
戲,羲義,羲義,香義,犠議
企,去智,去智,去智,去智
縊,於賜,於賜,於賜,於賜
翅,施智,施智,施智,絁智
屣,……,所寄,所寄,……
餧,於僞,於僞,於僞,於僞
觖,窺瑞,窺瑞,窺瑞,𨶳睡
僞,危賜,危賜,危睡,危賜
恚,於避,於避,於避,於避
睡,是僞,是僞,是僞,是僞
馶,舉企,舉企,居企,舉企
䄲,而…,而睡,而瑞,而…
娷,／,竹恚,竹恚,／
諉,／,女恚,女恚,／
卶,／,充豉,充豉,／
瀡,／,思累,思累,／
瓗,／,以睡,以睡,／
縻,／,靡寄,,／
𧙁,／,爭義,爭義,／
㞆,／,𡖖義,卿義,／
,,,,
至,脂利,脂利,脂利,脂利
位,……,洧冀,于愧,……
郿,……,美秘,明祕,……
遂,……,徐醉,徐醉,……
醉,……,將遂,將遂,……
邃,……,雖遂,雖遂,……
類,……,力遂,力遂,……
秘,……,鄙媚,兵媚,……
匱,……,逵位,求位,……
濞,……,匹備,匹備,……
備,……,平秘,平祕,……
愧,……,軌位,俱位,……
帥,……,所類,所類,……
喟,……,丘愧,丘愧,……
豷,……,許僞,許位,……
嗜,……,常利,常利,……
利,……,力至,力至,……
𧸐,……,女利,女利,……
劓,……,魚噐,魚器,……
屁,……,疋鼻,匹寐,……
致,……,陟利,陟利,……
弃,……,詰利,詰利,……
寐,……,蜜二,彌二,……
緻,……,直利,直利,……
杘,……,丑利,丑利,……
冀,……,几利,几利,……
臮,……,具噐,其冀,……
悸,……,其季,其季,……
翠,……,七醉,七醉,……
二,……,而至,而至,……
恣,……,資四,資四,……
次,……,七四,七四,……
懿,……,乙利,乙兾,……
四,……,息利,息利,……
噐,……,去冀,去冀,……
季,……,癸悸,居悸,……
鼻,……,毗四,毗至,……
䁤,……,許鼻,香季,……
痺,……,必至,必至,……
萃,……,疾酔,秦醉,……
地,……,徒四,徒四,……
齂,……,許噐,虚器,……
𨽹,……,羊至,羊至,……
示,……,神至,神至,……
自,……,疾二,疾二,……
墜,……,直類,直類,……
出,……,尺類,尺類,……
轛,……,追顇,追萃,……
遺,……,以醉,以醉,……
侐,……,火季,火季,……
屍,／,矢利,矢利,／
痓,／,充至,充自,／
㿷,／,楚類,楚愧,／
,,,,
志,之利,之吏,職吏,之利
值,……,直吏,直吏,……
寺,……,辝吏,祥吏,……
蚝,……,七吏,七吏,……
笥,……,相吏,相吏,……
試,……,式吏,式吏,……
胾,……,側吏,側吏,……
吏,……,力置,力置,……
字,……,疾置,疾置,……
眙,……,丑吏,丑吏,……
餌,……,仍吏,仍吏,……
駛,……,所吏,踈吏,……
廁,……,初吏,初吏,……
異,……,餘吏,羊吏,……
䔬,……,焉記,,……
置,……,陟吏,陟吏,……
事,……,鋤吏,鉏吏,……
侍,……,時吏,時吏,……
忌,……,渠記,渠記,……
熾,……,尺志,昌志,……
意,……,於記,於記,……
記,……,居吏,居吏,……
亟,……,去吏,去吏,……
憙,……,虚記,許記,……
䰯,……,魚記,魚記,……
,,,,
未,無沸,無沸,無沸,無沸
貴,……,居謂,居胃,……
謂,……,云貴,于貴,……
魏,……,魚貴,魚貴,……
沸,……,府謂,方味,……
費,……,芳味,芳未,……
𥽂,……,丘畏,丘畏,……
慰,……,於謂,於胃,……
諱,……,許貴,許貴,……
𮂮,……,扶沸,扶沸,……
既,……,居未,居豙,……
毅,……,魚既,魚旣,……
氣,……,去旣,去旣,……
欷,……,許旣,許旣,……
衣,／,於既,於旣,／
,,,,
御,魚𢴃,魚據,牛倨,魚據
慮,……,力據,良倨,……
據,……,居御,居御,……
覰,……,七慮,七慮,……
㰦,……,却㩀,丘倨,……
署,……,常㩀,常恕,……
恕,……,式㩀,商署,……
著,……,張慮,陟慮,……
䬡,……,之㩀,章恕,……
䟽,……,所㩀,所去,……
飫,……,於㩀,依倨,……
筯,……,直㩀,遟倨,……
遽,……,渠據,其渠,……
絮,……,息據,息據,……
助,……,鋤據,牀據,……
怚,……,子據,將預,……
詛,……,側據,莊助,……
洳,……,而據,人恕,……
豫,……,余據,羊洳,……
嘘,……,虚㩀,許御,……
女,……,娘舉,尼據,……
處,／,杵去,昌據,／
楚,／,初據,瘡據,／
悇,／,勑慮,抽據,／
,,,,
遇,𮓥樹,虞樹,牛具,虞樹
嫗,……,紆遇,衣遇,……
樹,……,殊遇,常句,……
住,……,持遇,持遇,……
附,……,符遇,符遇,……
注,……,之戍,之戍,……
屨,……,俱遇,九遇,……
煦,……,香句,香句,……
戍,……,傷遇,傷遇,……
裕,……,羊𡦗,羊戍,……
𡦗,……,而遇,而遇,……
赴,……,撫遇,芳遇,……
務,……,武遇,亡遇,……
緅,……,子句,子句,……
懼,……,其遇,其遇,……
某,……,羽遇,王遇,……
屢,……,李遇,良遇,……
𡒍,……,才句,才句,……
捒,……,色句,色句,……
付,……,府遇,方遇,……
娶,……,七句,七句,……
註,……,中句,中句,……
驅,……,主遇,區遇,……
菆,……,蒭注,芻注,……
足,……,即具,子句,……
尠,／,思句,思句,／
,,,,
暮,莫故,莫故,莫故,莫顧
渡,……,徒故,徒故,……
路,……,洛故,洛故,……
妬,……,當故,當故,……
菟,……,湯故,湯故,……
顧,……,古暮,古暮,……
誤,……,吾故,五故,……
護,……,胡故,胡誤,……
𧦡,……,蘇故,桑故,……
祚,……,昨故,昨誤,……
笯,……,乃故,乃故,……
布,……,博故,博故,……
汙,……,烏故,烏路,……
怖,……,普故,普故,……
厝,……,倉故,倉故,……
袴,……,苦故,苦故,……
捕,……,薄故,薄故,……
,,,,
泰,他盖,他盖,他蓋,他盖
盖,……,古太,古太,……
艾,……,五盖,五蓋,……
藹,……,於盖,於蓋,……
㮏,……,奴帶,奴帶,……
大,……,徒盖,徒蓋,……
害,……,胡盖,胡蓋,……
帶,……,都盖,當蓋,……
貝,……,博盖,博蓋,……
霈,……,普盖,普蓋,……
會,……,黄帶,黃外,……
兊,……,杜會,杜外,……
儈,……,古兊,古外,……
最,……,作會,祖外,……
𧬨,……,虎外,呼會,……
濊,……,烏鱠,烏外,……
𥢶,……,苦會,苦會,……
酹,……,郎外,郎外,……
外,……,吾會,五會,……
祋,……,丁外,丁外,……
懀,……,烏外,烏外,……
蕞,……,在外,才外,……
襊,……,七會,麤最,……
旆,……,薄盖,蒲蓋,……
𥕤,……,苦盖,苦蓋,……
蔡,……,七盖,倉大,……
賴,……,落盖,落蓋,……
餀,……,海盖,呼艾,……
娧,……,他外,他外,……
眛,／,忘艾,莫貝,／
,,,,
霽,子計,子計,子計,子計
帝,……,都計,都計,……
嚌,……,在詣,在詣,……
替,……,他計,他計,……
第,……,特計,特計,……
砌,……,七計,七計,……
細,蘇計,蘇計,蘇計,蘇計
詣,…計,五計,五計,…計
計,五詣,古詣,古詣,五詣
蒵,胡計,胡計,胡計,胡計
契,苦計,苦計,苦計,苦計
翳,於計,於計,於計,於計
謎,莫計,莫計,莫計,莫計
閉,愽計,博計,博計,博計
慧,胡桂,胡桂,胡桂,胡桂
桂,古恵,古惠,古惠,古慧
嘒,虎恵,虎惠,呼惠,虎慧
媲,疋諸*,匹計,匹詣,疋詣
薜,薄計,薄計,蒲計,泊計
麗,魯帝,魯帝,郎計,魯帝
𬈿,泥戾,奴細,奴計,泥麗
㰥,／,呼計,呼計,／
,,,,
祭,子例,子例,子例,子例
嵗,相苪,相芮,相𨦣,相苪
衛,羽翽,爲劌,于歲,羽𧬨
苪,而說,而𨦣,而𨦣,而說
贅,…苪,之芮,之芮,…苪
𠻜,山苪,山芮,山芮,山苪
毳,此苪,此芮,此芮,此苪
𨦣,以苪,以芮,以芮,以苪
綴,……,陟衛,陟衞,……
稅,舒苪,舒苪,舒芮,書苪
𡚁,毗祭,毗祭,毗祭,毗祭
㯔,楚嵗,楚歲,楚稅,楚嵗
篲,……,囚歲,祥歲,……
蔽,必抉*,必袂,必袂,必袂
劌,居衛,居衞,居衞,居衛
袂,弥𡚁,弥弊,彌𡚁,弥𡚁
㡜,所例,所例,所例,所例
製,尺…,尺制,尺制,尺…
制,職例,職例,征例,職例
逝,時制,時制,時制,時制
曳,餘制,餘制,餘制,余制
䋵,於𦋺,於𦋺,於罽,於猘
藝,魚祭,魚祭,魚祭,魚祭
滯,直例,直例,直例,直例
例,力制,力制,力制,力制
憩,去例,去例,去例,去例
丗,舒制,舒制,舒制,書制
猘,居厲,居厲,居例,居例
㿃,竹例,竹例,竹例,竹例
偈,其憩,其憩,其憩,其憩
啜,市苪,市芮,嘗芮,市苪
跇,丑世,丑勢,丑例,丑丗
㓷,義例,牛例,牛例,議例
蕝,子苪,子芮,子芮,子苪
,,,,
卦,古賣,古賣,古賣,古賣
懈,古隘,古隘,古隘,古隘
隘,烏懈,烏懈,烏懈,烏懈
邂,胡懈,胡懈,胡懈,胡懈
賣,莫解,莫懈,莫懈,莫解
畫,胡卦,胡卦,胡卦,胡卦
差,楚懈,楚懈,楚懈,楚懈
睚,五解,五懈,五懈,五解
謑,許懈,許懈,火懈,許懈
庎,方卦,方卦,方卦,方卦
粺,傍卦,傍卦,傍卦,傍卦
疵,士懈,士懈,士懈,士懈
派,疋卦,匹卦,匹卦,疋卦
債,側賣,側賣,側賣,稄賣
𡢖,苦賣,苦賣,苦賣,苦賣
曬,所賣,所賣,所賣,所賣
諣,／,呼卦,呼卦,／
䐱,／,竹賣,竹賣,／
㠔,／,方賣,方賣,／
,,,,
恠,古壊,古壊,古壞,古壞
噫,烏界,烏界,烏界,烏誡
瘵,側界,側界,側界,稄誡
誡,古拜,古拜,古拜,古拜
褹,女界,女界,女介,女誡
譮,許界,許界,許介,許誡
械,祐界,胡界,胡介,宥誡
𦗐,五界,五界,五介,五誡
𦰵,苦壊,苦懐,苦怪,苦壞
拜,博恠,博怪,博怪,博恠
湃,普拜,普拜,普拜,普拜
壞,胡恠,胡𢘪,胡怪,胡恠
聵,五拜,五拜,五怪,五拜
憊,蒲界,蒲界,蒲拜,匍誡
䀛,莫拜,莫拜,莫拜,莫拜
鎩,所拜,所拜,所拜,所拜
烗,客界,客界,苦戒,客誡
顡,／,知𢘪,迍怪,／
瘥,／,楚介,楚懈,／
,,,,
夬,古邁,古邁,古邁,古邁
快,苦夬,苦夬,苦夬,苦夬
邁,莫敗,莫話,莫話,莫敗
話,下快,下快,下快,下快
敗,薄邁,薄邁,薄邁,泊邁
䵳,烏快,烏夬,烏快,烏快
嘬,楚夬,楚夬,楚夬,楚夬
芥,……,古邁,古喝,……
蠆,丑芥,丑菜,丑犗,丑芥
喝,於芥,於菜,於犗,於芥
𠱡,所芥,所芥,所犗,所芥
咶,大夬*,火夬,火夬,火夬
䜕,火芥,火芥,火犗,火芥
啐,／,倉快,倉夬,／
,,,,
隊,徒對,徒對,徒對,徒對
佩,薄背,薄背,蒲昧,泊背
妹,莫佩,莫佩,莫佩,莫佩
配,普佩,普佩,滂佩,普佩
誨,荒佩,荒佩,荒內,荒佩
對,都佩,都佩,都隊,都佩
倅,……,七碎,七內,……
晬,子對,子對,子對,子對
𩱽,烏繢,烏繢,烏繢,烏潰
退,……,他繢,他內,……
憒,……,古對,古對,……
潰,……,胡對,胡對,……
塊,……,苦對,苦對,……
碎,……,蘇對,蘇內,……
內,……,奴對,奴對,……
纇,……,盧對,盧對,……
背,……,補配,補妹,……
磑,……,五對,五對,……
,,,,
代,徒戴,徒戴,徒耐,徒戴
載,……,作代,作代,……
䆀,……,莫代,莫代,……
賽,……,先代,先代,……
貸,……,他代,他代,……
溉,……,古礙,古代,……
慨,……,苦愛,苦愛,……
礙,……,五愛,五溉,……
愛,……,烏代,烏代,……
瀣,……,胡愛,胡槩,……
耐,……,奴代,奴代,……
戴,…代,都代,都代,…代
賚,洛…,洛代,洛代,落…
菜,……,倉代,倉代,……
載,……,在代,昨代,……
,,,,
廢,方肺,方肺,方肺,方肺
肺,……,芳廢,芳廢,……
穢,……,於肺,於廢,……
吠,…廢,符廢,符廢,…廢
喙,……,許穢,許穢,……
𤜂,……,巨穢,渠穢,……
刈,魚肺,魚肺,魚肺,魚肺
𥏙,／,丘畎,丘吠,／
,,,,
震,職刃,職刃,章刃,職刃
信,息晉,息晉,息晉,息晉
遴,……,力晉,良刃,……
刃,而進,而晉,而振,而晉
𦚯,……,与晉,羊晉,……
𤵜,丑刃,丑刃,丑刃,丑刃
印,於刃,於刃,於刃,於刃
儐,……,必刃,必刃,……
陣,直刃,直刃,直刃,直刃
慎,是刃,是刃,時刃,是刃
憖,魚覲,魚覲,魚覲,魚僅
晉,即刃,即刃,即刃,即刃
鎮,陟刃,陟刃,陟刃,陟刃
眒,式刃,式刃,試刃,識刃
菣,……,去刃,去刃,……
賮,疾刃,似刃,徐刃,疾刃
釁,許覲,許覲,許覲,許僅
僅,渠遴,渠遴,渠遴,渠遴
櫬,楚覲,初遴,初覲,楚僅
韻,永㶳,爲捃,王問,永賮
峻,私…,私閏,私閠,私…
殉,……,辝閏,辭閠,……
儁,……,子峻,子峻,……
舜,舒閠,施閏,舒閠,書閠
稕,……,之閏,之閠,……
閠,……,如舜,如順,……
順,……,食閏,食閠,……
汖,撫刃,匹刃,匹刃,撫刃
䚔,疋刃,必刃,必刃,疋刃
親,／,七刃,七遴,／
呁,／,九峻,九峻,／
攈,／,居韻,居運,／
,,,,
問,無運,無運,亡運,無運
運,……,云問,王問,……
訓,許運,許運,許運,許運
湓,匹問,匹問,匹問,疋問
糞,府問,府問,方問,甫問
醖,於問,於問,於問,於問
捃,……,居運,居運,……
郡,……,渠運,渠運,……
分,扶問,扶問,扶問,扶問
,,,,
焮,許靳,許靳,香靳,許靳
靳,居焮,居焮,居焮,居焮
近,巨靳,巨靳,巨靳,巨靳
傿,於靳,於靳,於靳,於靳
垽,／,語靳,吾靳,／
,,,,
願,魚㤪,魚怨,魚怨,魚㤪
㤪,於願,於願,於願,於願
販,方願,方怨,方願,方願
券,去願,去願,去願,去願
万,無販,無敗,無販,無販
飯,符万,符万,符万,扶万
㛯,芳万,芳万,芳万,芳万
建,居万,居万,居万,居万
堰,於建,於建,於建,於建
獻,許建,許建,許建,許建
健,渠建,渠建,渠建,渠建
楥,許勸,許勸,虚願,許券
𢍶,居願,居願,居願,居願
逺,于願,于万,于願,于願
𤬝,／,語堰,語堰,／
𡈕,／,臼万,臼万,／
䊲,／,叉万,叉万,／
,,,,
慁,胡困,胡困,胡困,胡困
頓,都困,都困,都困,都困
巽,……,蘇困,蘇困,……
困,苦悶,苦悶,苦悶,苦悶
嫩,奴困,奴困,奴困,奴困
悶,莫困,莫困,莫困,莫困
鐏,徂䤜,徂困,徂悶,徂䤜
睔,古䤜,古䤜,古困,古䤜
噴,……,普悶,普悶,……
䤜,……,徒困,徒困,……
揾,烏困,烏困,烏困,烏困
寸,倉困,倉困,倉困,倉困
坌,蒲悶,蒲悶,蒲悶,匍悶
顐,五困,五困,五困,五困
焌,子…,子寸,子寸,子…
論,／,盧困,盧困,／
昏,／,呼困,呼悶,／
奔,／,通悶,甫悶,／
,,,,
恨,胡艮,胡艮,胡艮,胡艮
艮,……,古恨,古恨,……
饐,／,五恨,五恨,／
䭡,／,於恨,烏恨,／
,,,,
翰,胡旦,胡旦,侯旰,胡旦
玩,……,吾段,五換,……
段,徒玩,徒玩,徒玩,徒玩
亂,落段,落段,郎段,落段
鍛,……,都亂,丁貫,……
彖,他乱,他亂,通貫,他亂
喚,呼段,呼段,火貫,呼段
筭,蘇段,蘇段,蘇貫,蘇段
縵,……,莫半,莫半,……
半,愽縵,博漫,博漫,博縵
判,普半,普半,普半,普半
叛,……,薄半,薄半,……
炭,他半,他半,他旦,他半
換,胡段,胡段,胡玩,胡段
𥎞,……,子筭,子筭,……
惋,……,烏段,烏貫,……
貫,古段,古段,古玩,古段
竄,……,七亂,七亂,……
按,烏旦,烏旦,烏旰,烏旦
旦,得安*,得案,得按,徳案
憚,……,徒旦,徒案,……
旰,古旦,古旦,古案,古旦
岸,五旦,五旦,五旰,五旦
偘,……,苦旦,苦旰,……
漢,呼半,呼半,呼旰,呼半
爛,……,盧旦,郎旰,……
攤,……,奴旦,奴案,……
粲,倉旦,倉旦,蒼案,倉旦
繖,蘇旦,蘇旦,蘇旰,蘇旦
讃,……,朝幹,則旰,……
𡣶,……,徂粲,徂賛,……
偄,乃乱,乃亂,奴亂,乃亂
攅,／,在翫,在玩,／
䥗,／,口煥,口喚,／
,,,,
諫,古晏,古晏,古晏,古晏
鴈,……,五晏,五晏,……
晏,……,烏澗,烏澗,……
訕,……,所晏,所晏,……
骭,……,下晏,下晏,……
慢,……,莫晏,謨晏,……
患,……,胡慣,胡慣,……
慣,……,古患,古患,……
孿,……,山患,生患,……
篡,……,楚患,初患,……
薍,……,五患,五患,……
襻,……,普患,普患,……
䗃,……,士諫,士諫,……
奻,……,女患,女患,……
鏟,……,初鴈,初鴈,……
㬄,／,丑晏,丑晏,／
,,,,
襇,古莧,古莧,古莧,古莧
莧,……,侯辨,侯襉,……
辨,……,薄莧,蒲莧,……
盼,……,疋莧,匹莧,……
幻,……,胡辨,胡辨,……
羼,……,初莧,初鴈,……
蔄,……,莫莧,亡莧,……
袒,……,大莧,丈莧,……
鱞,／,古盼,古幻,／
,,,,
霰,蘇見,蘇見,蘇佃,蘇見
蒨,……,倉見,倉甸,……
絢,……,許縣,許縣,……
縣,……,黄練,黃絢,……
睊,……,古縣,古縣,……
電,……,堂見,堂練,……
瑱,……,他見,他甸,……
練,……,落見,郎甸,……
見,……,古電,古電,……
晛,……,奴見,奴甸,……
俔,……,苦見,苦甸,……
現,……,戶見,胡甸,……
硯,……,五見,吾甸,……
宴,……,烏見,於甸,……
𢊁,……,作見,作甸,……
遍,……,博見,方見,……
麵,……,莫見,莫甸,……
片,……,普見,普麵,……
荐,……,在見,在甸,……
䬼,……,烏縣,烏縣,……
𩎌,／,呼見,呼甸,／
殿,／,都見,都甸,／
,,,,
線,私箭,私箭,私箭,私箭
戰,……,之膳,之膳,……
繕,……,視戰,時戰,……
彦,……,魚變,魚變,……
譴,……,去戰,去戰,……
絹,……,吉掾,吉掾,……
瑗,……,王眷,王眷,……
面,……,弥戰,彌箭,……
釧,……,尺絹,尺絹,……
掾,……,以絹,以絹,……
𩥇,……,陟彦,陟扇,……
𤲬,……,人絹,人絹,……
箭,……,子賤,子賤,……
硟,……,尺戰,昌戰,……
扇,……,式戰,式戰,……
躽,……,於扇,於扇,……
眷,……,居倦,居倦,……
倦,……,渠卷,渠卷,……
戀,……,力卷,力卷,……
猭,……,丑戀,丑戀,……
變,……,彼眷,彼眷,……
𨏉,……,所眷,所眷,……
縓,……,七選,七絹,……
卞,……,皮變,皮變,……
㳬,……,辝選,辝戀,……
選,……,息絹,息絹,……
饌,……,士變,士戀,……
傳,……,直戀,直戀,……
賤,……,在線,才線,……
羨,……,似面,似面,……
𢮨,……,竪釧,時釧,……
騗,……,匹扇,匹戰,……
輾,……,女箭,女箭,……
囀,……,知戀,知戀,……
便,／,避面,婢面,／
衍,／,餘見,予線,／
𥛁,／,丘弁,區倦,／
剸,／,之囀,之囀,／
,,,,
嘯,蘇吊,蘇弔,蘇弔,蘇弔
糶,……,他弔,他弔,……
弔,……,多嘯,多嘯,……
叫,……,古弔,古弔,……
尿,……,奴弔,奴弔,……
藋,……,徒弔,徒弔,……
竅,苦吊,苦弔,苦弔,苦弔
𩕐,力吊,力弔,力弔,力弔
顤,……,五弔,五弔,……
㱇,火吊,呼叫,火弔,火弔
穾,烏吊,於弔,烏叫,烏弔
,,,,
𥬇,私妙,私妙,私妙,私妙
照,……,之𥬇,之少,……
曜,……,弋𥬇,弋照,……
要,……,於𥬇,於𥬇,……
召,……,直𥬇,直照,……
邵,……,寔耀,寔照,……
嶠,……,渠庿,渠廟,……
剽,疋𥬇,匹𥬇,匹妙,疋𥬇
噍,才𥬇,才𥬇,才𥬇,裁𥬇
妙,……,弥召,彌𥬇,……
峭,……,七肖,七肖,……
燎,……,力召,力照,……
趬,丘召,丘召,丘召,丘召
𧇠,……,牛召,牛召,……
醮,……,子肖,子肖,……
庿,眉召,眉召,眉召,眉召
驃,毗召,毗召,毗召,毗召
少,失召,失召,失照,失召
脁,丑召,丑召,丑召,丑召
裱,／,方庿,方廟,／
翹,／,渠要,巨要,／
饒,／,人要,人要,／
,,,,
効,胡教,故教,故敎,胡教
教,……,古孝,古孝,……
孝,呼教,呼教,呼敎,呼教
𭁸,……,知教,都敎,……
豹,……,博教,北敎,……
敲,……,苦教,苦敎,……
貌,…教,莫教,莫敎,…教
奅,疋㒵,匹皃,匹皃,疋貌
趠,禇教,禇教,丑敎,楮教
稍,……,所教,所敎,……
棹,……,直教,直敎,……
橈,……,奴効,奴敎,……
抓,側教,側教,側敎,稄教
靤,防孝,防孝,防敎,防孝
抄,初教,初教,初敎,初教
拗,／,乙罩,於敎,／
樂,／,五孝,五敎,／
巢,／,仕稍,士稍,／
,,,,
号,胡到,胡到,胡到,胡到
導,……,徒到,徒到,……
到,……,都導,都導,……
誥,……,古到,古到,……
傲,五到,五到,五到,五到
帽,……,莫報,莫報,……
嫪,盧到,盧到,郎到,盧到
操,……,七到,七到,……
暴,……,薄報,薄報,……
報,愽秏,博耗,博耗,博秏
漕,在到,在到,在到,在到
奥,……,烏到,烏到,……
喿,……,蘇到,蘇到,……
𩝝,……,苦到,苦到,……
竈,則到,則到,則到,則到
秏,呼到,呼到,呼到,呼到
𦛁,／,奴到,那到,／
韜,／,他到,／,／
,,,,
箇,古賀,古賀,古賀,古賀
賀,……,何箇,胡箇,……
佐,……,作箇,則箇,……
跢,……,丁佐,丁佐,……
邏,盧箇,盧箇,郎佐,盧箇
坷,口左,口佐,口箇,口左
餓,……,五箇,五个,……
播,……,補箇,補過,……
貨,……,呼卧,呼臥,……
卧,……,吳貨,吾貨,……
奈,奴箇,奴箇,奴箇,奴箇
課,苦卧,苦卧,苦臥,苦卧
挫,則卧,側卧,則臥,則卧
磨,暮箇,莫箇,摸臥,暮箇
剉,……,麁卧,麤臥,……
愞,……,乃卧,乃臥,……
和,胡卧,胡卧,胡臥,胡卧
唾,託卧,託卧,湯臥,託卧
過,古卧,古卧,古臥,古卧
破,……,普卧,普過,……
涴,烏卧,烏卧,烏臥,烏卧
惰,徒卧,徒卧,徒臥,徒卧
䭾,唐佐,唐佐,唐佐,唐佐
桵,力過,／,／,力過
䇔,／,郎過,魯過,／
些,／,蘇箇,蘇箇,／
坐,／,在卧,徂臥,／
㰤,／,呼箇,呼箇,／
桗,／,丁過,都唾,／
䐝,／,先卧,先臥,／
侉,／,烏佐,安賀,／
拖,／,吐邏,吐邏,／
磋,／,七箇,七過,／
,,,,
禡,莫駕,莫駕,莫駕,莫駕
駕,古訝,古訝,古訝,古迓
亞,……,烏訝,衣嫁,……
嚇,……,呼訝,呼訝,……
迓,吾駕,吾駕,吾駕,吾駕
詫,丑亞,丑亞,丑亞,丑亞
吒,……,陟訝,陟駕,……
詐,……,側訝,側駕,……
乍,鋤駕,鋤駕,鋤駕,鋤駕
謝,以夜,似夜,辝夜,以夜
髂,口訝,口訝,枯駕,口迓
暇,……,胡訝,胡駕,……
褯,慈夜,慈夜,慈夜,慈夜
夜,以謝,以謝,羊謝,以謝
䞣,充夜,充夜,充夜,充夜
蝑,思夜,司夜,司夜,思夜
柘,……,之夜,之夜,……
唶,子夜,子夜,子夜,子夜
舎,始夜,始夜,始夜,始夜
射,……,神夜,神夜,……
霸,……,博駕,必駕,……
帊,芳霸,芳霸,普駕,芳霸
摦,胡化,胡化,胡化,胡化
化,……,霍霸,呼霸,……
跨,……,苦化,苦化,……
誜,所化,所化,所化,所化
𤝡,白駕,白駕,白駕,白駕
䏧,乃亞,乃亞,乃亞,乃亞
笡,淺謝,淺謝,遷謝,淺謝
坬,／,古罵,古罵,／
塗,／,徒嫁,除駕,／
沙,／,色亞,所嫁,／
窳,／,烏坬,烏㕦,／
,,,,
勘,苦紺,苦紺,苦紺,苦紺
紺,……,古暗,古暗,……
憾,下紺,下紺,胡紺,下紺
暗,烏紺,烏紺,烏紺,烏紺
僋,他紺,他紺,他紺,他紺
俕,蘇感,蘇紺,蘇紺,蘇感
儑,五紺,五紺,五紺,五紺
謲,七紺,七紺,七紺,七紺
醰,徒紺,徒紺,徒紺,徒紺
馾,丁紺,丁紺,丁紺,丁紺
撍,／,祖紺,作紺,／
僋,／,郎紺,郎紺,／
䫲,／,呼紺,呼紺,／
妠,／,奴紺,奴紺,／
,,,,
闞,苦濫,苦濫,苦濫,苦濫
濫,盧瞰,盧瞰,盧瞰,盧闞
賧,……,吐濫,吐濫,……
𪉦,……,公蹔,古蹔,……
𧵊,呼濫,呼濫,呼濫,呼濫
憨,下瞰,下瞰,下瞰,下闞
憺,徒濫,徒濫,徒濫,徒濫
暫,……,慙濫,藏濫,……
擔,……,都濫,都濫,……
,,,,
漾,餘𠅙,餘𠅙,餘𠅙,余𠅙
𠅙,……,力讓,力讓,……
𤘲,鋤𠅙,鋤𠅙,鋤𠅙,鋤𠅙
讓,如𤘲,如仗,人㨾,如𤘲
餉,式𠅙,式𠅙,式𠅙,識𠅙
帳,……,陟𠅙,知𠅙,……
悵,……,丑𠅙,丑𠅙,……
向,許𠅙,許𠅙,許𠅙,許𠅙
仗,直𠅙,直𠅙,直𠅙,直𠅙
釀,……,女𠅙,女𠅙,……
匠,……,疾亮,疾亮,……
障,……,之𠅙,之𠅙,……
尚,……,常𠅙,時𠅙,……
壯,側𠅙,側𠅙,側𠅙,稄𠅙
怏,扵…,扵𠅙,於𠅙,於…
弶,……,其𠅙,其𠅙,……
唱,……,昌𠅙,尺𠅙,……
創,……,初𠅙,初𠅙,……
醬,即𠅙,即𠅙,子𠅙,即𠅙
𨋕,……,語向,魚向,……
訪,……,敷𠅙,敷𠅙,……
妄,……,武放,巫放,……
況,……,許妨,許訪,……
誑,……,九忘,居況,……
迋,……,于放,于放,……
放,……,府妄,甫妄,……
相,……,息𠅙,息𠅙,……
防,／,扶浪,符況,／
唴,／,丘𠅙,丘𠅙,／
蹡,／,七𠅙,七𠅙,／
狂,／,渠放,渠放,／
彊,／,居𠅙,居𠅙,／
,,,,
宕,杜浪,杜浪,徒浪,杜浪
浪,……,郎宕,來宕,……
吭,……,下浪,下浪,……
盎,……,阿浪,烏浪,……
枊,……,五浪,五浪,……
葬,……,則盎,則浪,……
傍,……,蒲浪,蒲浪,……
藏,……,徂浪,徂浪,……
譡,……,丁浪,丁浪,……
抗,……,苦浪,苦浪,……
謗,……,補曠,補曠,……
儻,……,他浪,他浪,……
曠,……,苦浪,苦謗,……
儾,……,奴浪,奴浪,……
𠸶,……,蘇浪,蘇浪,……
潢,／,胡浪,乎曠,／
漭,／,無浪,莫浪,／
荒,／,呼浪,呼浪,／
,,,,
敬,居命,居孟,居慶,居命
映,……,於敬,於敬,……
競,……,渠敬,渠敬,……
䛭,……,許孟,許更,……
鞕,……,五孟,五諍,……
慶,……,綺映,丘敬,……
更,……,古孟,古孟,……
命,……,眉映,眉病,……
病,……,皮敬,皮命,……
孟,……,莫鞕,莫更,……
蝗,……,戶孟,戶孟,……
柄,……,彼病,陂病,……
詠,……,爲柄,爲命,……
行,……,胡孟,下更,……
㵾,……,楚敬,楚敬,……
倀,……,猪孟,猪孟,……
鋥,／,宅鞕,除更,／
榜,／,補孟,北孟,／
生,／,生更,所敬,／
迎,／,魚敬,魚敬,／
膨,／,蒱孟,蒱孟,／
,,,,
諍,側迸,側迸,側迸,稄迸
迸,……,北諍,北諍,……
嫈,／,一諍,鷖迸,／
𠊧,／,蒲迸,蒲迸,／
轟,／,呼迸,呼迸,／
牚,／,丑迸,他孟,／
,,,,
勁,居盛,居盛,居正,居盛
政,……,之盛,之盛,……
聖,……,識正,式正,……
鄭,……,直政,直正,……
遉,……,丑鄭,丑鄭,……
性,……,息正,息正,……
令,……,力正,力政,……
聘,……,疋政,匹正,……
夐,……,虚政,休正,……
摒,……,卑政,卑政,……
偋,……,防政,防正,……
倩,……,七政,七政,……
淨,……,疾政,疾政,……
盛,……,承政,承正,……
詺,……,武聘,彌正,……
精,／,子姓,子姓,／
𣢝,／,許令,許令,／
,,,,
徑,古㝎,古定,古定,古㝎
寗,乃㝎,乃㝎,乃定,乃㝎
腥,息㝎,息定,蘇佞,息㝎
脛,戶㝎,戶定,胡定,戶㝎
㝎,特徑,持徑,徒徑,特徑
矴,丁㝎,丁定,丁定,丁㝎
磬,……,苦㝎,苦定,……
聽,他㝎,他定,他定,他㝎
靘,千㝎,千定,千定,千㝎
䒌,莫㝎,莫定,莫定,莫㝎
鎣,烏㝎,烏定,烏定,烏㝎
零,／,力徑,郎定,／
熒,／,胡㝎,胡定,／
,,,,
宥,尤救,尤救,于救,尤救
救,久右,久祐,居祐,久宥
胄,直右,直祐,直祐,直宥
晝,陟救,陟救,陟救,陟救
狩,舒救,舒救,舒救,書救
臭,尺救,尺救,尺救,尺救
岫,似祐,似祐,似祐,似宥
齅,許救,許救,許救,許救
呪,職救,職救,職救,職救
舊,巨救,巨救,巨救,巨救
瘦,所祐,所救,所祐,所宥
皺,側救,側救,側救,稄救
副,敷救,敷救,敷救,敷救
簉,初救,初救,初救,初救
冨,府副,府副,方副,甫副
畜,丑救,許救,丑救,丑救
溜,力救,力救,力救,力救
秀,息救,息救,息救,息救
驟,鋤祐,鋤祐,鋤祐,鋤宥
僦,即𭕒,即就,即就,即𭕒
𭕒,疾僦,疾僦,疾僦,疾僦
糅,女救,女救,女救,女救
復,扶冨,扶富,扶富,扶冨
狖,余救,余救,余救,余救
授,氶秀,承秀,承呪,𢫒秀
輮,人又,人又,人又,人又
𪖐,／,牛救,牛救,／
,,,,
𠋫,胡遘,胡遘,胡遘,胡遘
𡨥,苦𠋫,苦𠋫,苦候,苦𠋫
茂,莫𠋫,莫𠋫,莫候,莫𠋫
仆,疋豆,匹豆,匹候,疋豆
豆,徒𠋫,徒𠋫,徒候,徒𠋫
闘,丁豆,丁豆,都豆,丁豆
耨,奴豆,奴豆,奴豆,奴豆
瘶,蘇豆,蘇豆,蘇奏,蘇豆
奏,則𠋫,則𠋫,則候,則𠋫
透,他𠋫,他𠋫,他候,他𠋫
漚,扵𠋫,扵𠋫,烏候,於𠋫
遘,古𠋫,古𠋫,古候,古𠋫
輳,倉𠋫,倉𠋫,倉奏,倉𠋫
陋,虞𠋫*,盧𠋫,盧候,盧𠋫
蔲,呼𠋫,呼候,呼漏,呼𠋫
䏽,／,蒲𠋫,蒲候,／
偶,／,五遘,五遘,／
㔌,／,昨𠋫,才奏,／
,,,,
㓜,伊𮘸,伊謬,伊謬,伊𮘸
𮘸,靡糿,靡幼,靡幼,靡㓜
䠗,丘㓜,丘幼,丘繆,丘㓜
𧾻,／,渠幼,巨幼,／
,,,,
沁,七𫚲,七𫚲,七鴆,七𫚲
祲,作𫚲,作𫚲,子鴆,作𫚲
妊,汝𫚲,汝𫚲,汝鴆,汝𫚲
𫚲,直任,直任,直禁,直任
𣏝,職𫚲,職𫚲,之任,職𫚲
𦧈,豆禁*,巨禁,巨禁,巨禁
禁,居䕃,㞐䕃,居䕃,居䕃
賃,乃禁,乃禁,乃禁,乃禁
䕃,扵禁,於禁,於禁,於禁
滲,所禁,所禁,所禁,所禁
闖,日禁*,丑禁,丑禁,丑禁
譛,側䜟,側䜟,莊䕃,稄䜟
䜟,楚譛,楚譛,楚譖,楚譛
揕,陟𫚲,陟𫚲,知鴆,陟𫚲
臨,／,力𣹰,良鴆,／
吟,／,冝禁,冝禁,／
甚,／,時𫚲,時鴆,／
,,,,
𧰟,以贍,以贍,以贍,以贍
贍,市艶,市𧰟,時豔,市𧰟
染,而艶,而贍,而豔,而𧰟
厭,扵艶,扵𧰟,於豔,於𧰟
窆,方驗,方驗,方驗,方驗
閃,式贍,式贍,舒贍,識贍
𭋲,子艶,子𧰟,子豔,子𧰟
壍,七贍,七贍,七豔,七贍
殮,力驗,力驗,力驗,力驗
驗,語窆,語窆,魚窆,語窆
占,将艶,支豔,章豔,將𧰟
䪜,／,充豔,昌豔,／
覘,／,丑厭,丑豔,／
𢜰,／,扵驗,於驗,／
潛,／,疾豔,慈豔,／
,,,,
㮇,他念,他念,他念,他念
念,奴店,奴店,奴店,奴店
店,都念,都念,都念,都念
䃱,先念,先念,先念,先念
磹,徒念,徒念,徒念,徒念
趝,紀念,紀念,紀念,紀念
𨡣,扵念,於念,於念,於念
𥋋,思念,漸念,漸念,思念
兼,古念,古念,古念,古念
僣,子念,子念,子念,子念
傔,……,苦僭,苦念,……
稴,／,力店,力店,／
,,,,
證,諸譍,諸譍,諸應,諸譍
孕,以證,以證,以證,以證
媵,實證,實證,實證,實證
認,……,而證,而證,……
譍,扵證,於證,於證,於證
甑,子孕,子孕,子孕,子孕
興,許譍,許應,許應,許譍
勝,詩證,詩證,詩證,詩證
眙,……,丈證,丈證,……
𩜁,里甑,里甑,里甑,里甑
稱,𧈪證,齒證,昌孕,蚩證
丞,／,時證,常證,／
凴,／,皮孕,皮證,／
覴,／,丑證,丑證,／
,,,,
嶝,都鄧,都鄧,都鄧,都鄧
贈,昨亘,昨亘,昨亘,昨亘
亘,……,古嶝,古鄧,……
蹭,七贈,七贈,千鄧,七贈
鄧,徒亘,徒亘,徒亘,徒亘
僜,魯鄧,鲁鄧,魯鄧,魯鄧
懵,武亘,武亘,武亘,武亘
𥦜,方鄧,方鄧,方隥,方鄧
倗,父鄧,父鄧,父鄧,父鄧
增,／,子蹭,子鄧,／
𡬙,／,思贈,思贈,／
,,,,
䧟,戶韽,戶韽,戶韽,戶韽
韽,扵䧟,於陷,於陷,於䧟
蘸,滓䧟,滓陷,莊陷,滓䧟
𪉜,都䧟,都陷,陟陷,都䧟
㪠,口陷,口陷,口陷,口䧟
𧸖,佇䧟,佇陷,佇陷,佇䧟
𪉦,／,仕陷,仕陷,／
𨼮,／,火陷,／,／
闞,／,公陷,許鑑,／
諵,／,儜𧸖,尼賺,／
,,,,
鑑,恪懴,格懴,格懺,恪懴
懴,楚監,楚鑑,楚鑒,楚監
覱,子鑑,子鑑,子鑑,子鑑
㒈,許鑑,許鑑,許鑑,許鑑
釤,所鑑,所鑑,所鑑,所鑑
埿,蒲鑑,蒲鑑,蒲鑑,匍鑑
㽉,胡懴,胡懴,胡懺,胡懴
鑱,士懴,士懴,士懺,士懴
𮫏,下鑑,／,／,下鑑
,,,,
嚴,／,魚淹,魚欠,／
脅,／,盱淹,許欠,／
淹,／,扵嚴,於劒,／
㪁,／,丘嚴,丘釅,／
,,,,
梵,扶泛,扶泛,扶泛,扶泛
泛,敷梵,敷梵,孚梵,敷梵
劒,舉欠,舉欠,居欠,舉欠
欠,去劒,去劒,去劒,去劒
俺,扵劒,於劒,於劒,於劒
𮒈,／,妄泛,亡劒,／
,,,,
屋,烏谷,烏谷,烏谷,烏穀
獨,徒谷,徒谷,徒谷,徒穀
穀,古鹿,古鹿,古禄,古禄
縠,胡谷,胡谷,胡谷,胡穀
哭,空谷,空谷,空谷,空穀
秃,他谷,他谷,他谷,他穀
速,送谷,送谷,桑谷,送穀
豰,丁木,丁木,丁木,丁木
禄,……,盧谷,盧谷,……
嗀,呼木,呼木,呼木,呼木
族,昨木,昨木,昨木,昨木
鏃,作木,作木,作木,作木
瘯,……,千木,千木,……
曝,蒲木,蒲木,蒲木,匍木
扑,普木,普木,普木,普木
卜,愽木,愽木,愽木,博木
木,莫卜,莫卜,莫卜,莫卜
福,方六,方六,方六,方六
伏,房六,房六,房六,房六
縮,所六,所六,所六,所六
六,力竹,力竹,力竹,力竹
逐,直六,直六,直六,直六
菊,舉竹,居六,居六,舉竹
麴,駈竹,駈竹,驅匊,驅竹
熟,殊六,殊六,殊六,銖六
俶,昌六,昌六,昌六,昌六
育,與逐,與逐,余六,與逐
𩣽,渠竹,渠六,渠竹,渠竹
鼀,取育,取育,七宿,取育
粥,之六,之竹,之六,之六
肉,如竹,如竹,如六,如竹
叔,式竹,式竹,式竹,識竹
蓄,許竹,許六,許竹,許竹
竹,陟六,陟六,張六,陟六
踀,初六,初六,初六,初六
蹙,子六,子六,子六,子六
肭,女六,女六,女六,女六
縬,側六,側六,側六,稄六
蝮,芳伏,芳伏,芳福,芳伏
郁,於六,於六,於六,於六
肅,息逐,息逐,息逐,息逐
目,莫六,莫六,莫六,莫六
囿,于目,于目,于六,于目
稸,丑六,丑六,丑六,丑六
,,,,
沃,烏酷,烏酷,烏酷,烏酷
毒,徒沃,徒沃,徒沃,徒沃
篤,冬毒,冬毒,冬毒,冬毒
酷,苦沃,苦沃,苦沃,苦沃
鵠,胡沃,胡沃,胡沃,胡沃
僕,蒲沃,蒲沃,蒲沃,匍沃
洬,先篤,先篤,先篤,先篤
梏,古沃,古篤,古沃,古沃
瑁,莫沃,莫沃,莫沃,莫沃
熇,火酷,火酷,火酷,火酷
褥,內沃,如沃,內沃,內沃
傶,將毒,將毒,將毒,將毒
,,,,
燭,之欲,之欲,之欲,之欲
玉,語欲,語欲,魚欲,語欲
旭,許玉,許玉,許玉,許玉
輂,居玉,居玉,居玉,居玉
局,渠玉,渠玉,渠玉,渠玉
蜀,市玉,市玉,市玉,市玉
觸,尺玉,尺玉,尺玉,尺玉
辱,而蜀,而蜀,而蜀,而蜀
束,書蜀,書蜀,書玉,書蜀
欲,余蜀,余蜀,余蜀,余蜀
躅,直録,直録,直録,直録
録,力玉,力玉,力玉,力玉
曲,起玉,起玉,丘玉,起玉
瘃,陟玉,陟玉,陟玉,陟玉
贖,神燭,神玉,神蜀,神燭
足,即玉,即玉,即玉,即玉
幞,房玉,房玉,房玉,房玉
促,七玉,七玉,七玉,七玉
續,似玉,似足,似足,似玉
粟,相玉,相玉,相玉,相玉
䪁,封曲,封曲,封曲,封曲
梀,丑録,丑録,丑玉,丑録
,,,,
覺,古嶽,古嶽,古岳,古嶽
嶽,五角,五角,五角,五覺
浞,士角,士角,士角,士覺
捉,側角,側角,側角,稄覺
朔,所角,所角,所角,所覺
斲,丁角,丁角,竹角,丁覺
剥,北角,北角,北角,北覺
邈,莫角,莫角,莫角,莫覺
雹,蒲角,蒲角,蒲角,匍覺
璞,疋角,匹角,匹角,疋覺
㱿,苦角,苦角,苦角,苦覺
濁,直角,直角,直角,直覺
渥,扵角,於角,於角,於覺
搦,女角,女角,女角,女覺
逴,勑角,勑角,敕角,勑覺
犖,呂角,呂角,呂角,呂覺
學,戶角,戶角,胡覺,戶覺
㕰,許角,許角,許角,許覺
娖,測角,測角,測角,測覺
,,,,
質,之日,之日,之日,之日
日,人質,人質,人質,仁質
實,神質,神質,神質,神質
秩,直質,直質,直一,直質
悉,息七,息七,息七,息七
一,憶質,於逸,於悉,憶質
七,親𢘻,親日,親吉,親悉
疋,譬吉,譬吉,譬吉,譬吉
吉,居質,居質,居質,居質
暱,尼質,尼質,尼質,尼質
逸,夷質,夷質,夷質,姨質
詰,去吉,去吉,去吉,去吉
欯,許吉,許吉,許吉,許吉
捁,丑栗,丑栗,丑栗,丑栗
栗,力質,力質,力質,力質
窒,陟栗,陟栗,陟栗,陟栗
焌,翠恤,翠恤,倉聿,翠䘏
疾,秦𢘻,秦𢘻,秦悉,秦悉
㓼,初栗,初栗,初栗,初栗
失,識質,識質,式質,識質
堲,資𢘻,資𢘻,資悉,咨悉
蜜,民必,無必,彌畢,民必
必,卑吉,比蜜,卑吉,卑吉
聿,餘律,餘律,餘律,余律
卒,子聿,子聿,子聿,子聿
䘏,辛聿,辛聿,辛聿,新聿
姞,巨乙,巨乙,巨乙,巨乙
術,食聿,食聿,食聿,食聿
橘,居蜜,居蜜,居聿,居蜜
崒,聚䘏,才䘏,慈䘏,聚䘏
邲,毗必,毗必,毗必,毗必
出,尺聿,尺聿,赤律,尺聿
𧽻,其聿,其聿,居聿,其聿
䬂,許聿,許聿,許聿,許聿
律,呂恤,呂䘏,呂䘏,呂䘏
㤕,竹律,竹律,竹律,竹律
术,直律,直律,直律,直律
黜,丑律,丑律,丑律,丑律
䫻,于筆,于筆,于筆,于筆
率,所律,師出,所律,所律
筆,鄙蜜,鄙密,鄙密,鄙蜜
密,羙筆,羙筆,羙筆,羙筆
弼,房律,房律,房密,房律
乙,於筆,於筆,於筆,於筆
䎲,魚乙,魚乙,魚乙,魚乙
𠮟,齒日,尺栗,昌栗,齒日
𪗨,／,仕乙,仕叱,／
茁,／,几律,厥筆,／
肹,／,羲乙,羲乙,／
絀,／,式出,竹律,／
,,,,
物,無弗,無弗,文弗,無弗
弗,分物,分勿,分勿,分物
欝,迂物,㐵勿,紆物,䊸物
𠀔,九物,居勿,九勿,久物
屈,區物,區物,區勿,區物
倔,衢物,衢物,衢物,劬物
佛,符弗,符弗,符弗,扶弗
𩗛,許物,許物,許勿,許物
䬑,王物,王物,王勿,王物
拂,敷物,敷物,敷勿,敷物
,,,,
櫛,阻瑟,阻瑟,阻瑟,阻瑟
瑟,所櫛,所櫛,所櫛,所櫛
,,,,
迄,許訖,許訖,許訖,許訖
訖,居乞,居乞,居乞,居乞
疙,魚乞,魚乞,魚乞,魚乞
圪,于乞,于乞,,于乞
䞘,其迄,其迄,其迄,其迄
乞,去訖,去訖,去訖,去訖
,,,,
月,魚厥,魚厥,魚厥,魚厥
伐,房越,房越,房越,房越
越,戶伐,王伐,王伐,戶伐
厥,居月,居月,居月,居月
噦,𠮮劣,乙劣,於月,宥劣
𡡕,扵月,於月,於月,於月
𧤼,其月,其月,其月,其月
闕,去月,去月,去月,去月
髮,方伐,方伐,方伐,方伐
韈,望發,妄發,望發,亡髮
䬂,許月,許月,許月,許月
謁,扵歇,於歇,於歇,於歇
歇,許謁,許謁,許竭,許謁
訐,居謁,居謁,居竭,居謁
𢷒,其謁,其謁,其謁,其謁
㤄,疋伐,匹伐,拂伐,疋伐
钀,魚揭,語謁,語訐,魚𢷒
,,,,
沒,莫㔜,莫勃,莫勃,莫勃
骨,古忽,古忽,古忽,古忽
勃,蒲沒,蒲沒,蒲沒,匍沒
咄,當沒,當沒,當沒,當沒
宊,他骨,他骨,他骨,他骨
突,陁骨,陁骨,陀骨,駞骨
𩑦,烏沒,烏沒,烏沒,烏沒
忽,呼骨,呼骨,呼骨,呼骨
兀,五忽,五忽,五忽,五忽
𥩾,普沒,普沒,普沒,普沒
𢂤,勒沒,勒沒,勒沒,勒沒
窟,苦角,苦骨,苦骨,苦覺
訥,諾骨,諾忽,內骨,諾骨
𡨧,蘇骨,蘇骨,蘇骨,蘇骨
猝,鹿沒*,麁沒,倉沒,麁沒
捽,昨沒,昨沒,昨沒,昨沒
麧,下沒,下沒,下沒,下沒
卒,則沒,則沒,臧沒,則沒
䯉,一骨,烏沒,烏沒,一骨
鶻,／,胡骨,戶骨,／
,,,,
末,莫割,莫割,莫撥,莫葛
枂,五活,五活,五活,五活
撥,愽末,愽末,北末,博末
𩯳,姉末,姉末,𡛷末,姉末
括,古活,古活,古活,古活
闊,苦括,苦括,苦栝,苦括
活,戶括,戶括,戶括,戶括
奪,徒括,徒括,徒括,徒括
豁,呼活,呼括,呼括,呼活
斡,烏活,烏活,烏括,烏活
繓,子括,子括,子括,子括
鏺,普括,普活,普活,普括
侻,他活,他活,他括,他活
捋,盧活,盧括,郎括,盧活
掇,多活,多括,丁括,多活
撮,七活,七括,倉括,七活
跋,蒲活,蒲撥,蒲撥,匍活
躠,桑割,桑割,桑割,桑葛
怛,當割,當割,當割,當葛
闥,他達,他達,他達,他達
遏,烏葛,烏割,烏葛,烏葛
剌,盧達,盧達,盧達,盧達
渴,苦割,苦割,苦曷,苦葛
達,陁割,陁割,唐割,駞葛
嶻,才割,才割,才割,裁葛
𦵮,五割,五割,五割,五葛
葛,古逹,古達,古達,古達
褐,胡葛,胡葛,胡葛,胡葛
䫘,許葛,許葛,許葛,許葛
捺,奴曷,奴曷,奴曷,奴褐
攃,七曷,七曷,七曷,七褐
,,,,
黠,胡八,胡八,胡八,胡八
札,側八,側八,側八,稄八
拔,蒲八,蒲八,蒲八,匍八
𤫶,恪八,苦八,恪八,恪八
滑,戶八,戶八,戶八,戶八
八,愽拔,博拔,博拔,博拔
窡,丁滑,丁滑,丁滑,丁滑
豽,女滑,女滑,女滑,女滑
嗗,馬八*,烏八,烏八,烏八
䶪,切八,初八,初八,切八
𠟽,古骨,古滑,古滑,古骨
戛,古黠,古黠,古黠,古黠
軋,烏黠,烏黠,烏黠,烏黠
殺,所八,所八,所八,所八
㑻,莫八,莫八,莫八,莫八
傄,呼八,呼八,呼八,呼八
痆,女黠,女黠,女黠,女黠
𦤙,女滑,五滑,五滑,女滑
䯇,口滑,口滑,口滑,口滑
汃,／,普八,普八,／
,,,,
鎋,胡瞎,胡八,胡瞎,胡瞎
𪆰,乙鎋,乙鎋,乙鎋,乙鎋
齾,五鎋,吾鎋,五鎋,五鎋
刹,初鎋,初鎋,初鎋,初鎋
瞎,許鎋,許鎋,許鎋,許鎋
𮆉,枯鎋,枯鎋,枯鎋,枯鎋
獺,他鎋,他鎋,他鎋,他鎋
𤷈,女鎋,女鎋,女黠,女鎋
刮,古𩒬,古𩒬,古䫄,古𩒬
𩒬,丑刮,丑刮,丑刮,丑刮
頢,下刮,下刮,下刮,下刮
鵽,丁刮,丁刮,丁刮,丁刮
刖,五刮,五割,五刮,五刮
妠,女刮,女刮,女刮,女刮
䵵,初刮,初刮,初刮,初刮
礣,慕鎋,莫鎋,莫鎋,暮鎋
捌,百鎋,百鎋,百鎋,伯鎋
𪈟,古鎋,古鎋,古鎋,古鎋
𩭿,／,而鎋,而轄,／
,,,,
屑,先結,先結,先結,先結
切,千結,千結,千結,千結
結,古屑,古屑,古屑,古屑
節,子結,子結,子結,子結
血,呼玦,呼決,呼決,呼玦
闋,苦穴,苦穴,苦穴,苦穴
玦,古穴,古穴,古穴,古穴
穴,胡玦,胡玦,胡決,胡玦
抉,扵决,於决,於決,於玦
姪,徒𣅔,徒結,徒結,徒稄
鐵,他結,他結,他結,他結
纈,胡結,胡結,胡結,胡結
𣵀,奴結,奴結,奴結,奴結
截,作結,昨結,昨結,作結
齧,五結,五結,五結,五結
蔑,莫結,莫結,莫結,莫結
㢼,方結,方結,方結,方結
噎,烏結,烏結,烏結,烏結
猰,苦結,苦結,苦結,苦結
㚛,虎結,虎結,虎結,虎結
撇,普蔑,普蔑,普蔑,普蔑
蹩,蒲結,蒲結,蒲結,匍結
窒,丁結,丁結,丁結,丁結
𥸸,練結,練結,練結,練結
,,,,
薛,私列,私結,私列,私列
列,呂𦵮,呂結,良薛,呂𦵮
哲,陟列,陟列,陟列,陟列
傑,渠列,渠列,渠列,渠列
熱,如列,如列,如列,如列
晢,𣅀熱,𣅀熱,旨熱,旨熱
舌,食烈,食列,食列,食列
𦽆,魚列,魚列,魚列,魚列
朅,去竭,去竭,丘竭,去傑
滅,亡別,亡列,亡列,亡別
鷩,并列,并列,并列,并列
絕,情雪,情雪,情雪,情雪
蕝,子恱,子恱,子恱,子恱
雪,相絕,相絕,相絕,相絕
𤿫,丑劣,丑劣,丑恱,丑劣
恱,翼雪,翼雪,弋雪,弋雪
缺,傾雪,傾雪,傾雪,傾雪
爇,如雪,如雪,如劣,如雪
說,失爇,失爇,職恱,失爇
拙,職雪,職雪,職恱,職雪
歠,昌雪,昌雪,昌恱,昌雪
輟,陟劣,陟劣,陟劣,陟劣
劣,力惙,力惙,力輟,力輟
𧢍,芳滅,芳滅,芳滅,芳滅
別,憑列,皮列,皮列,憑列
䇷,方列,兵列,方別,方列
轍,直列,直列,直列,直列
刷,所劣,所劣,所劣,所劣
孑,居列,居列,居列,居列
設,識列,識列,識列,識列
𥄎,……,許劣,許劣,……
吶,女劣,女劣,女劣,女劣
妜,扵恱,於恱,於恱,於恱
蹶,紀劣,紀劣,紀劣,紀劣
茁,側劣,側劣,側劣,稄劣
膬,七絕,七絕,七絕,七絕
䘁,子列,姉列,𡛷列,子列
樧,山列,山列,山列,山列
焆,於列,於列,於列,於列
屮,丑列,丑列,丑列,丑列
娎,許列,許列,許列,許列
啜,樹雪,䖏雪,殊雪,樹雪
㔍,厠滑,廁別,厠列,廁滑
嫳,／,扶別,普蔑,／
乴,／,寺絕,寺絕,／
丿,／,普折,普蔑,／
,,,,
錫,先擊,先擊,先擊,先激
激,古𢟍,古歷,古歷,古𢟍
霹,普激,普激,普擊,普激
𢟍,閭激,閭激,郎擊,臚激
的,都𢟍,都𢟍,都𢟍,都𢟍
檄,／,胡狄,胡狄,／
鷁,／,五歷,五歷,／
荻,徒𢟍,徒歷,徒歷,徒𢟍
逖,他𢟍,他歷,他歷,他𢟍
績,則𢟍,則𠪾,則歷,則𢟍
燩,去激,去激,苦擊,去激
惄,奴歴,奴𠪾,奴歷,奴𢟍
寂,昨𢟍,昨𠪾,前歷,昨𢟍
覓,莫𢟍,莫𠪾,莫狄,莫𢟍
甓,扶𢟍,扶𠪾,扶歷,扶𢟍
壁,北激,北激,北激,北激
閴,苦鵙,苦鶪,苦鶪,苦郥
郥,古閴,古闃,古闃,古閴
戚,倉𢟍,倉歷,倉歷,倉𢟍
赥,許狄,許狄,許激,許荻
,,,,
昔,私積,私積,思積,私積
積,資昔,資亦,資昔,咨昔
益,伊昔,伊昔,伊昔,伊昔
繹,羊益,羊益,羊益,陽益
𥼶,施漬,施隻,施隻,絁漬
尺,昌石,昌石,昌石,昌石
石,常尺,常尺,常隻,常尺
隻,之石,之石,之石,之石
擲,直炙,直炙,直炙,直隻
皵,七跡,七迹,七迹,七積
席,詳亦,詳昔,祥易,詳繹
籍,秦昔,秦昔,秦昔,秦昔
擗,房益,房益,房益,房益
役,營隻,營隻,營隻,營隻
辟,必益,必益,必益,必益
僻,芳辟,芳辟,芳辟,芳辟
瞁,許伇,許役,許役,許役
麝,食亦,食夜,食亦,食繹
彳,丑亦,丑亦,丑亦,丑繹
碧,方彳,陂隔,彼役,方彳
𪐏,／,竹益,竹益,／
,,,,
麥,莫獲,莫獲,莫獲,莫獲
獲,胡麥,胡麥,胡麥,胡麥
蟈,古獲,古獲,古獲,古獲
蘗,愽厄,博厄,博厄,博厄
䌟,蒲𮧓,蒲革,蒲革,匍隔
賾,土𮧓,土革,土革,土隔
責,側𮧓,側革,側革,稄隔
策,惻𮧓,惻革,楚革,測隔
騞,呼麥,呼麦,呼麥,呼麥
礊,口𮧓,口革,楷革,口隔
覈,下𮧓,下革,下革,下隔
隔,古核,古核,古核,古覈
摘,陟𮧓,陟革,陟革,陟隔
厄,烏𮧓,烏革,於革,烏隔
𰗮,所責,所責,山責,所責
𢶉,普麥,普麦,普麥,普麥
䩹,／,五𮧓,五革,／
䯜,／,徒𮧓,他歷,／
,,,,
陌,莫白,莫百,莫白,莫白
磔,張格,陟格,陟格,張挌
伯,愽白,博白,傍陌,博白
白,傍陌,傍陌,傍陌,傍陌
劇,奇𨒫,奇逆,奇逆,奇逆
戟,几劇,几劇,几劇,几劇
索,所戟,所戟,山戟,所戟
𣑭,側戟*,惻戟,測戟,測戟
嚄,胡伯,胡伯,胡伯,胡伯
嘖,側陌,側陌,側佰,稄陌
齚,鋤陌,鋤陌,鋤陌,鋤陌
隙,綺戟,綺戟,綺戟,綺戟
額,五陌,五陌,五陌,五陌
逆,冝戟,冝戟,冝戟,宜戟
客,苦陌,苦陌,苦格,苦陌
啞,烏陌,烏陌,烏格,烏陌
𧈊,許𨛠,許郄,許郤,許隙
坼,丑格,丑格,丑格,丑挌
䪝,乙白,乙百,乙白,乙白
𢫦,普伯,普伯,普伯,普伯
赫,呼格,呼格,呼格,呼挌
垎,胡格,胡格,胡格,胡挌
挌,古陌,古陌,古伯,古陌
謋,虎伯,虎伯,虎伯,虎伯
宅,瑒陌,棖陌,場伯,瑒陌
虢,古陌,古伯,古伯,古陌
擭,…虢,一虢,一虢,…虢
蹃,女白,女白,女白,女白
搦,奴格,尼白,女白,奴挌
𡄴,／,于陌,胡伯,／
,,,,
合,胡閤,胡閤,侯閤,胡閤
閤,古沓,古沓,古沓,古沓
答,都合,都合,都合,都合
趿,蘇合,蘇荅,蘇合,蘇合
沓,徒合,徒合,徒合,徒合
錔,他合,他閤,他合,他合
雜,徂合,徂合,徂合,徂合
帀,子答,子荅,子荅,子答
拉,虚合*,盧荅,盧合,盧合
納,奴答,奴荅,奴荅,奴答
溘,口答,口荅,口荅,口答
姶,烏合,烏合,烏合,烏合
欱,呼合,呼合,呼合,呼合
𡀾,五合,五合,五合,五合
䟃,／,七合,七合,／
,,,,
盍,胡臘,胡臘,胡臘,胡臘
臘,盧盍,盧盍,盧盍,盧盍
㿴,都…,都盍,都榼,都…
榻,吐盍,吐盍,吐盍,土盍
𣣹,呼盍,呼盍,呼盍,呼盍
魶,奴盍,奴盍,奴盍,奴盍
蹋,徒盍,徒盍,徒盍,徒盍
㒎,……,私盍,私盍,……
儑,五盍,五盍,五盍,五盍
䨿,才盍,才盍,才盍,裁盍
䫦,古盍,古盍,古盍,古盍
𣙥,苦盍,苦盍,苦盍,苦盍
鰪,……,安盍,安盍,……
囃,／,倉臘,倉臘,／
,,,,
洽,侯夾,侯夾,侯夾,侯夾
恰,苦洽,苦洽,苦洽,苦洽
夾,……,古洽,古洽,……
箑,……,士洽,士洽,……
眨,阻洽,阻洽,側洽,阻洽
揷,楚洽,楚洽,楚洽,楚洽
䶎,呼洽,呼洽,呼洽,呼洽
𡆴,女洽,女洽,女洽,女洽
霎,山洽,山洽,山洽,山洽
劄,竹洽,竹洽,竹洽,竹洽
𨂁,烏洽,烏洽,烏洽,烏洽
,,,,
狎,胡甲,胡甲,胡甲,胡甲
渫,丈甲,丈甲,丈甲,丈甲
甲,去狎,古狎,古狎,去狎
鴨,烏狎,烏狎,烏甲,烏狎
𦦱,初甲,初甲,／,初甲
翣,所甲,所甲,所甲,所甲
呷,呼甲,呼甲,呼甲,呼甲
㳿,／,士甲,／,／
,,,,
葉,与涉,与涉,與涉,與涉
接,紫葉,紫𦯧,即葉,紫葉
攝,書涉,書涉,書涉,書涉
涉,時攝,時攝,時攝,時攝
獵,良涉,良涉,良涉,良涉
捷,疾葉,疾𦯧,疾葉,疾葉
䐑,直輒,直輙,直葉,直輒
㪑,扵輒,於輙,於輒,於輒
𣀳,尼輒,尼輙,尼輒,尼輒
謵,七涉,叱涉,叱涉,七涉
讘,而涉,而涉,而涉,而涉
讋,之涉,之涉,之涉,之涉
妾,七輒,七接,七接,七輒
𨪸,丑輙,丑輒,丑輒,丑輒
极,其輒,其輒,其輒,其輒
輒,陟葉,陟涉,陟葉,陟葉
曄,筠輒,筠輒,筠輒,筠輒
㾜,去涉,去涉,去涉,去涉
萐,山輒,山輙,山輒,山輒
𦀖,居輒,居輒,居輒,居輒
厭,扵葉,於葉,於葉,於葉
,,,,
怗,他恊,他協,他協,他恊
恊,胡頰,胡頰,胡頰,胡頰
頰,吉恊,古怗,古協,吉恊
愜,苦恊,苦恊,苦恊,苦恊
牒,徒恊,徒協,徒協,徒恊
擪,於恊,於協,於葉,於恊
𦬼,乃恊,奴協,奴協,乃恊
燮,蘇恊,蘇協,蘇協,蘇恊
𤮁,盧恊,盧協,盧協,盧恊
聑,丁篋,丁篋,丁愜,丁愜
䕹,在恊,在協,在協,在恊
浹,子恊,子協,子協,子恊
弽,呼恊,呼協,呼牒,呼恊
,,,,
緝,七入,七入,七入,七入
十,是執,是執,是執,是執
執,側什,之入,之入,稄十
習,似入,似入,似入,似入
褶,神執,神執,似入,神執
集,秦入,秦入,秦入,秦入
入,尔執,尔執,人執,爾執
揖,伊入,伊入,伊入,伊入
溼,失入,失入,失入,失入
㗱,姉入,姉入,子入,姉入
及,其立,其立,其立,其立
縶,陟立,陟立,陟立,陟立
蟄,直立,直立,直立,直立
立,力急,力急,力入,力急
急,居立,居立,居立,居立
岌,魚及,魚及,魚及,魚及
泣,去㥯*,去急,去急,去急
𩎕,先立,先立,先立,先立
吸,許及,許及,許及,許及
澀,色立,色立,色立,色立
戢,阻立,阻立,阻立,阻立
邑,英及,英及,於汲,霙及
湁,丑入,丑立,丑入,丑入
煜,爲立,爲立,爲立,爲立
鵖,／,房及,彼及,／
,,,,
藥,以灼,以灼,以灼,以灼
略,離灼,離灼,離灼,離灼
腳,居灼,居灼,居勺,居灼
灼,之爍,之藥,之若,之爍
爍,書藥,書藥,書藥,書藥
若,而灼,而灼,而灼,而灼
綽,𠁅約,處灼,昌約,處約
約,扵略,於略,於略,於略
却,去約,去約,去約,去約
虐,魚約,魚約,魚約,魚約
謔,虚約,虚約,虚約,虚約
妁,巿若,巿若,巿若,市若
㲋,丑略,丑略,丑略,丑略
削,息灼,息略,息約,息灼
斮,側略,側略,側略,稄略
爵,即略,即略,即略,即略
皭,……,在爵,在爵,……
鵲,七雀,七雀,七雀,七爵
噱,其虐,其虐,其虐,其虐
嬳,憂…,憂縛,憂縛,憂…
縛,符钁,符玃,符钁,扶玃
䂄,許縛,許縛,許縛,許縛
籰,王縛,王縛,王縛,王縛
玃,居縛,居縛,居縛,居縛
著,／,竹略,張略,／
躩,／,丘縛,丘縛,／
戄,／,衢籰,具籰,／
,,,,
鐸,徒落,徒落,徒落,徒落
莫,幕各,慕各,慕各,莫各
落,盧各,盧各,盧各,盧各
託,他各,他各,他各,他各
作,則落,子洛,則落,則落
錯,倉各,倉各,倉各,倉各
各,古落,古落,古落,古落
恪,苦各,苦各,苦各,苦各
愕,五各,五各,五各,五各
惡,烏各,烏各,烏各,烏各
諾,奴各,奴各,奴各,奴各
𩔈,匹各,匹各,匹各,疋各
泊,傍各,傍各,傍各,傍各
𦞦,呵各,呵各,呵各,訶各
索,蘇各,蘇各,蘇各,蘇各
涸,下各,下各,下各,下各
昨,在各,在各,在各,在各
博,補各,補各,補各,補各
霍,…郭,虎郭,虚郭,…郭
郭,古博,古博,古博,古博
臒,烏郭,烏郭,烏郭,烏郭
穫,……,胡郭,胡郭,……
廓,苦郭,苦郭,苦郭,苦郭
,,,,
職,之翼,之翼,之翼,之弋
直,除力,除力,除力,除力
力,良直,良直,林直,良直
勑,恥力,褚力,恥力,恥力
陟,竹力,竹力,竹力,竹力
食,乗力,乗力,乗力,繩力
息,……,相即,相即,……
寔,常職,常職,常職,常職
識,……,商職,賞職,……
赩,許力,許力,許極,許力
極,渠力,渠力,渠力,渠力
崱,士力,士力,士力,士力
匿,……,女力,女力,……
測,……,愴力,切力,……
憶,扵力,於力,於力,於力
𢬃,扵棘,於棘,於力,於殛
䩯,丘力,丘力,丘力,丘力
色,所力,所力,所力,所力
殛,……,紀力,紀力,……
弋,与識,与職,與職,與識
即,子力,子力,子力,子力
逼,彼側,彼側,彼側,彼稄
域,榮逼,榮逼,雨逼,榮逼
洫,況逼,況逼,況逼,況逼
堛,芳逼,芳逼,芳逼,芳逼
稄,阻力,阻力,阻力,阻力
愎,符逼,皮逼,符逼,扶逼
嶷,魚𢬃,魚力,魚力,魚𢬃
堲,／,秦力,秦力,／
,,,,
徳,多則,多特,多則,多則
則,子徳,即勒,子德,子徳
勒,𭾐徳,盧德,盧則,盧徳
忒,他得,他則,他德,他徳
刻,苦徳,苦德,苦得,苦徳
特,徒徳,徒德,徒得,徒徳
黑,乎徳,呼德,呼北,胡徳
墨,莫北,莫北,莫北,莫北
賊,則賊,昨則,昨則,則賊
塞,蘇則,蘇則,蘇則,蘇則
北,博墨,波墨,博墨,博墨
菔,傍北,傍北,蒲北,傍北
或,胡囯,胡國,胡國,胡國
國,古或,古或,古或,古或
䬵,愛黑,愛墨,愛黑,愛黑
劾,／,胡北,胡得,／
䘅,／,乃北,奴勒,／
,,,,
業,魚怯,魚怯,魚怯,魚怯
脅,虚業,虚業,虚業,虚業
怯,去刧,去劫,去劫,去刧
刧,居怯,居怯,居怯,居怯
腌,……,於業,於業,……
,,,,
乏,房法,房法,房法,房法
法,方乏,方乏,方乏,方乏
猲,起法,起法,起法,起法
